identifier,No Data,Water,Artificial Bareground,Natural Bareground,Permanent Snow/Ice,Woody Vegetation,Cultivated Vegetation,(Semi) Natural Vegetation
14QKH_25,344,1061,1620,0,0,256,57713,4542
17SMU_26,0,396,365,0,4,47239,9602,7930
14TNS_00,0,42787,342,0,62,789,12520,9036
15UYP_04,0,0,0,0,0,65517,17,2
14ULE_13,0,1385,0,90,0,22963,25,41073
12TVR_19,0,0,374,0,0,735,58323,6104
11ULB_16,0,450,582,397,0,42729,7104,14274
14SPB_09,48,517,47126,0,46,7377,3319,7103
13SFR_18,1,0,9407,1018,0,79,0,55031
17SMU_19,12,90,790,0,0,24766,31141,8737
11SPU_00,4,508,4240,58041,0,0,0,2743
13SFR_27,0,0,1073,0,0,0,43984,20479
11ULB_29,1,0,1687,722,0,54172,19,8935
15TYJ_24,1,1795,2438,0,74,27103,20312,13813
12TVR_26,0,1451,2370,0,25,753,37036,23901
11ULB_11,253,12,8,0,134,45967,6674,12488
14ULE_14,0,9309,0,0,0,1970,9,54248
15UYP_03,2,1699,153,75,6,40897,158,22546
14TNS_07,2,1893,599,0,1,867,59933,2241
14QKH_22,0,32,254,0,0,54797,7734,2719
17SMU_21,0,56,289,0,0,45319,8158,11714
12SYE_08,0,0,1024,64512,0,0,0,0
15TYJ_23,0,100,501,0,0,23215,31231,10489
12TVR_21,0,0,2,0,0,350,30,65154
13SFR_20,41,0,7462,1792,0,0,1024,55217
14SND_09,53,166,940,0,0,9591,41815,12971
11SPU_07,0,0,3,282,0,3959,0,61292
18TXP_08,0,735,0,0,42,61673,0,3086
14ULE_22,0,3210,56,3,34,1527,224,60482
12TVR_28,9,0,155,0,0,53305,320,11747
12SYE_01,4,0,29217,35327,0,0,0,988
13SFR_29,0,0,0,0,0,0,53322,12214
11ULB_27,0,0,0,673,0,61903,344,2616
14QMJ_04,0,12,5,0,0,20,65478,21
14SND_00,2,58334,828,0,0,2685,283,3404
18TXP_01,325,810,40681,0,18,3585,3916,16201
17SMU_17,18,227,7141,0,0,26950,15792,15408
14QKH_14,0,0,26,0,0,18,65435,57
11ULB_18,6,461,400,0,254,481,53940,9994
14SPB_07,0,706,2775,1,10,7309,18057,36678
13SFR_16,35,0,14923,8951,0,129,0,41498
15TYJ_15,20,0,269,0,6,30989,30305,3947
12TVR_17,0,0,0,46162,0,0,3647,15727
17SMU_28,4,54,2381,0,0,26553,26774,9770
17SMU_10,0,382,893,0,2,23218,35138,5903
14QKH_13,28,16,420,0,0,4927,47397,12748
18TXP_06,25,74,8806,0,153,12466,6276,37736
14SND_07,2,352,1051,0,0,17412,28668,18051
11SPU_09,0,0,2,2,0,0,0,65532
11ULB_20,1,0,2367,0,0,9912,49731,3525
14QMJ_03,0,0,0,0,0,65536,0,0
12SYE_06,0,0,3796,4294,0,8815,0,48631
14ULE_25,0,7698,66,2043,13,23474,0,32242
14TNS_09,0,4055,813,0,56,239,59434,939
15TYJ_12,0,0,810,0,0,10516,52007,2203
12TVR_10,8,184,0,0,0,62922,0,2422
14SPB_00,0,57312,927,593,67,5977,177,483
13SFR_11,818,75,26333,8845,15,1670,0,27780
10UCC_24,630,0,0,6878,51195,239,0,6594
15SVR_27,3,2,215,0,0,49250,5536,10530
13SBS_11,213,10243,20777,6086,0,0,103,28114
17TPL_25,0,9312,41,0,15,51179,3484,1505
12VXH_07,23,2,4,0,18,36311,0,29178
19TDK_22,14,2415,162,0,10,45012,10630,7293
16PGV_23,0,149,427,0,0,25470,0,39490
13QEC_05,5,0,0,1701,0,4953,579,58298
15SVR_18,13,439,3017,31,14,40126,10125,11771
15SVR_20,174,232,937,0,1,23087,28985,12120
13SBS_16,420,0,7772,0,0,0,0,57344
10UCC_23,243,0,0,20431,30932,2,0,13928
13SBS_29,0,0,38906,13516,0,4024,0,9090
16PGV_24,0,7,64,0,0,47085,0,18380
13QEC_02,8,0,0,4886,0,42142,51,18449
19TDK_25,0,108,0,0,34,64006,331,1057
17TPL_22,43,6471,125,0,110,50479,217,8091
12VXH_00,0,65536,0,0,0,0,0,0
15UWS_03,2,26969,71,85,2939,23098,753,11619
13SBS_20,0,0,998,0,0,286,0,64252
15SVR_16,0,1551,214,0,2,39859,13878,10032
12VXH_09,0,0,0,0,115,46567,0,18854
10UCC_15,0,14,10,0,54,61213,0,4245
15SVR_29,1,1,313,0,0,49305,5468,10448
16PGV_12,0,0,51,0,0,43541,0,21944
17TPL_14,0,12467,0,0,18,46200,446,6405
19TDK_13,1,407,1,0,10,59125,2495,3497
11UMQ_05,0,49,1528,0,35,2580,46863,14481
10UCC_12,0,26,3346,657,0,56201,0,5306
13SBS_27,18,0,42440,4762,0,2279,0,16037
15SVR_11,5,453,172,1,0,47191,5688,12026
15UWS_04,0,471,0,0,167,63746,0,1152
11UMQ_02,399,33,295,1034,52262,5320,0,6193
19TDK_14,2,256,268,0,1,35120,20865,9024
17TPL_13,32,110,5991,0,12,45199,6106,8086
16PGV_15,0,151,29,0,0,49762,2856,12738
13SBS_18,0,0,30,0,0,63440,1,2065
11ULB_21,3,0,82,165,0,1211,58494,5581
14QMJ_02,0,0,90,212,0,2,1096,64136
14ULE_24,0,0,0,454,1,58779,0,6302
12SYE_07,0,0,759,0,0,60557,844,3376
18TXP_07,2,99,0,0,115,62853,12,2455
17SMU_11,0,192,177,0,4,27471,28217,9475
14QKH_12,116,192,8379,0,0,27,56311,511
14SND_06,58,450,1516,0,0,3454,19351,40707
11SPU_08,0,0,0,9185,0,0,0,56351
12TVR_11,0,0,1041,729,0,2,208,63556
15TYJ_13,57,464,453,0,92,15282,32528,16660
14SPB_01,1310,16,61360,0,42,887,1363,558
13SFR_10,1,0,0,1024,0,0,0,64511
14TNS_08,33,963,52,0,50,4856,46828,12754
14SND_01,1463,49,50110,0,0,5722,3967,4225
17SMU_16,0,879,654,0,57,48033,7861,8052
14QKH_15,125,0,5620,0,0,5178,26681,27932
18TXP_00,0,65536,0,0,0,0,0,0
12SYE_00,10,23327,7092,3435,4,31191,8,469
12TVR_29,5,0,0,5360,447,56045,0,3679
14ULE_23,0,3,0,0,3,47564,0,17966
11ULB_26,0,0,654,4,10,57759,1044,6065
14QMJ_05,642,0,242,0,0,4655,1367,58630
13SFR_28,0,0,0,0,0,0,55296,10240
17SMU_29,0,366,196,0,26,39437,8205,17306
14SPB_06,16,245,1657,0,54,11793,38144,13627
13SFR_17,0,0,2198,4097,0,0,0,59241
11ULB_19,0,0,1832,128,11,55817,99,7649
12TVR_16,3,247,2,0,0,59663,121,5500
15TYJ_14,6,337,104,0,0,19912,35985,9192
14QKH_23,4,0,600,0,0,0,64831,101
17SMU_20,0,26,1311,0,0,47702,8336,8161
14TNS_06,0,691,7,0,25,265,19425,45123
11ULB_10,131,0,44,0,0,3344,47969,14048
15UYP_02,1,18,289,1993,0,10186,228,52821
14ULE_15,0,3308,0,0,23,0,0,62205
14SND_08,219,12529,9022,0,0,23174,2512,18080
11SPU_06,0,0,176,8356,0,316,0,56688
18TXP_09,0,37390,0,0,60,19296,889,7901
12TVR_20,0,0,352,60688,3,0,2435,2058
15TYJ_22,8,0,190,0,0,33324,28288,3726
12SYE_09,15,0,78,64358,0,56,0,1029
13SFR_21,0,0,2797,1837,0,964,0,59938
12TVR_18,0,87,742,9,0,1739,61553,1406
14ULE_12,0,709,8,0,0,4573,2,60244
15UYP_05,29,0,524,0,1,574,63952,456
14SPB_08,0,0,8921,0,0,1516,51241,3858
13SFR_19,29,0,10797,1670,0,0,0,53040
11ULB_17,12,0,97,0,0,8452,50860,6115
14TNS_01,75,0,48184,0,0,10427,391,6459
14QKH_24,10,2043,53,0,0,30532,29966,2932
17SMU_27,0,4,1089,0,5,45894,5565,12979
11ULB_28,26,0,22,655,179,49432,200,15022
13SFR_26,16,0,10002,3072,0,3,52412,31
12TVR_27,7,0,10,0,0,59094,24,6401
15TYJ_25,2,0,151,0,1,19182,36841,9359
17SMU_18,0,216,321,0,0,58908,1525,4566
11SPU_01,0,0,3,65533,0,0,0,0
15UWS_05,0,187,1,0,316,2725,0,62307
13SBS_26,10,0,12151,5078,0,0,0,48297
15SVR_10,1,198,2958,698,0,46912,2988,11781
10UCC_13,4,0,0,2135,2263,1286,0,59848
13SBS_19,0,0,1837,1894,0,123,0,61682
16PGV_14,0,42,25,0,0,30823,0,34646
19TDK_15,5,52,38,0,0,50322,1034,14085
11UMQ_03,321,5745,34758,1407,1776,4355,1147,16027
17TPL_12,0,19719,0,0,11,39714,4,6088
10UCC_14,8,50,406,1201,20902,13395,0,29574
13SBS_21,0,0,1025,975,0,0,0,63536
15SVR_17,2,314,1185,0,0,52694,8573,2768
15UWS_02,4,2236,175,0,6,26152,0,36963
17TPL_15,0,14627,0,0,4,47779,663,2463
11UMQ_04,0,0,0,0,3,65520,0,13
19TDK_12,8,231,626,30,8,55611,3189,5833
16PGV_13,0,0,33,0,0,41469,0,24034
15SVR_28,10,8,137,0,0,52313,5028,8040
10UCC_22,0,167,0,180,0,62715,0,2474
15SVR_21,15,1086,495,0,0,46293,10368,7279
13SBS_17,5,0,1019,0,0,0,0,64512
19TDK_24,0,0,763,203,0,49158,1007,14405
17TPL_23,0,159,321,0,28,57502,341,7185
12VXH_01,205,301,661,0,0,14245,0,50124
16PGV_25,0,4,3,0,0,26128,0,39401
13QEC_03,0,0,0,0,0,65536,0,0
13SBS_28,1826,0,46095,10209,0,0,0,7406
15SVR_26,3,254,194,0,0,29038,31661,4386
13SBS_10,877,0,21471,5058,0,12,0,38118
10UCC_25,45,5037,20,8618,23287,8124,0,20405
15SVR_19,0,37639,552,0,22,18230,2840,6253
16PGV_22,0,0,34,0,0,34351,524,30627
13QEC_04,0,0,10,0,0,8,65506,12
17TPL_24,1,4913,23,0,18,49764,3472,7345
12VXH_06,0,0,360,0,0,53738,0,11438
19TDK_23,24,750,7777,0,70,33973,8611,14331
18STF_19,0,517,2416,0,293,24612,22077,15621
11SKD_14,0,0,392,15,10,63996,0,1123
10SGJ_04,0,0,13,0,0,65442,0,81
19VEC_07,0,11858,0,0,12,30624,0,23042
18UYD_04,0,1414,0,0,0,594,0,63528
14VNL_08,0,18162,136,0,1,10663,0,36574
14SNA_09,4,506,3752,0,221,25201,26960,8892
13REM_08,0,0,11713,38149,0,9136,0,6538
18STF_26,0,32,2119,0,103,34644,9516,19122
12UWF_12,0,0,0,0,42,30226,14,35254
18UUC_03,0,11580,10,9,82,26844,0,27011
12TUT_09,0,0,13,0,0,64167,0,1356
14VPJ_08,0,822,0,0,38,2204,0,62472
18UYD_03,0,0,0,0,4,64436,0,1096
19VEC_00,0,65536,0,0,0,0,0,0
10SGJ_03,0,38820,4727,12054,0,0,0,9935
11SKD_13,7,0,4052,42874,0,0,12121,6482
18UUC_04,0,0,0,0,0,65347,0,189
12UWF_15,58,691,619,16,24,28579,18404,17145
18STF_21,0,194,296,0,900,28528,22625,12993
13QDF_05,38,0,61,540,0,7992,279,56626
13REM_06,0,229,1745,41344,0,858,3746,17614
11SKD_25,0,0,6,0,0,47568,0,17962
13QGB_02,0,0,0,0,0,0,64461,1075
18STF_28,0,50,1323,0,110,37827,10857,15369
14SNA_07,4,3,5830,486,177,29541,17984,11511
14VNL_06,0,63157,0,0,44,85,0,2250
12TUT_00,101,44561,99,2772,47,1798,236,15922
14VPJ_01,0,30927,0,14,20,0,0,34575
12UWF_23,0,0,0,0,0,23542,0,41994
19VEC_09,0,1854,0,0,6,5968,0,57708
18STF_17,0,747,66,0,11,46356,15073,3283
14SNA_00,0,48550,3834,65,1092,6948,2758,2289
14VNL_01,0,8860,9140,20262,19,10037,0,17218
11SKD_22,61,88,2905,0,0,47025,0,15457
13QGB_05,0,0,63,0,0,338,24,65111
13QDF_02,351,0,387,3291,0,15729,63,45715
13REM_01,0,0,953,64583,0,0,0,0
18STF_10,0,104,1515,0,284,21749,16288,25596
12UWF_24,0,49744,0,0,211,7412,4,8165
14VPJ_06,0,2980,0,0,0,612,0,61944
12TUT_07,10,0,0,3041,4113,33396,0,24976
14QNG_07,90,108,2693,221,0,18282,30169,13973
15UWU_12,0,32,3,0,347,61593,0,3561
16TGS_21,14,84,138,0,14,27528,5391,32367
11TNM_03,0,0,34055,12,262,2276,28141,790
12TYL_10,0,0,100,1970,0,1676,9932,51858
14TKL_11,18,0,2471,1580,0,4389,12657,44421
16SBE_10,8,55,2390,0,138,15100,40644,7201
18TWN_06,0,0,927,0,0,34631,8394,21584
21UVU_21,1,22639,25,0,13,22457,0,20401
15UWB_09,0,7771,3,0,11,39372,0,18379
18STJ_14,4,3,1293,0,4,12137,37573,14522
12TYL_17,2,13,674,2012,0,27119,5735,29981
14TKL_16,1,0,83,0,0,1445,56557,7450
16TCM_09,10,0,2356,0,1,53,61701,1415
16SBE_17,0,332,2,0,1652,55354,742,7454
11TNM_04,0,0,0,0,0,65536,0,0
17SLS_08,0,894,490,0,0,61238,375,2539
15UWU_15,0,62215,0,0,2,2711,0,608
16TGS_26,0,1283,125,0,2879,53717,10,7522
14QNG_00,29,52238,319,0,0,3166,8130,1654
21UVU_19,1,1821,44,0,2,24731,0,38937
18STJ_13,0,905,173,0,155,45531,13507,5265
14TKL_29,0,0,0,0,0,17,65519,0
16SBE_28,7,108,158,0,205,7419,43105,14534
12TYL_28,2,0,65,32739,0,0,0,32730
21UVU_26,0,846,0,0,15,57449,0,7226
16TGS_19,7,6092,0,0,82,52907,20,6428
18TWN_01,176,389,58727,0,6,1847,379,4012
12VWJ_08,0,0,0,0,0,18456,0,47080
14TKL_20,1,0,26,0,0,876,64503,130
16SBE_21,3,0,331,0,2532,2239,59090,1341
12TYL_21,10,0,460,63626,0,124,26,1290
15UWB_07,0,175,0,0,0,58871,0,6490
18TWN_08,0,92,103,0,17,31069,19099,15156
12VWJ_01,0,0,18,94,2,49139,0,16283
16TGS_10,86,718,3011,0,201,46949,1204,13367
15UWU_23,0,2552,9,201,261,47285,0,15228
18STJ_25,0,50,2,0,9,59499,214,5762
17SLS_01,8,14,33586,0,332,17194,6502,7900
14QNG_09,646,0,16941,99,0,18844,11425,17581
21UVU_10,0,16561,2,15,254,38311,0,10393
16TGS_17,0,1629,0,0,1,60890,0,3016
15UWU_24,2,646,7,114,0,47732,0,17035
12VWJ_06,0,0,7,0,12,31984,0,33533
21UVU_28,0,1237,0,0,8,35644,0,28647
15UWB_00,0,65244,0,0,0,289,0,3
14TKL_27,111,0,29,1953,0,370,11748,51325
16SBE_26,4,0,1096,0,2974,1630,59019,813
12TYL_26,0,0,0,65536,0,0,0,0
21UVU_17,0,1073,0,0,6,53255,0,11202
17SLS_06,2,0,4475,0,0,13488,2987,44584
16TGS_28,0,0,0,0,99,63049,0,2388
12TYL_19,7,0,0,44026,0,0,0,21503
14TKL_18,1,0,98,0,0,1342,63697,398
16TCM_07,34,345,941,0,0,256,60749,3211
16SBE_19,1,590,143,0,63,5520,51929,7290
18STJ_22,0,74,377,0,23,19260,23193,22609
14SNA_01,240,19,33419,97,26,13201,10249,8285
14VNL_00,0,65536,0,0,0,0,0,0
13REM_00,18,13036,95,44515,0,432,1024,6416
13QDF_03,0,0,0,0,0,65333,0,203
11SKD_23,1,1190,51490,0,60,857,1912,10026
13QGB_04,0,0,20,0,0,229,65241,46
14VPJ_07,32,409,91,0,0,2003,0,63001
12UWF_25,1,971,2524,241,1,52385,880,8533
12TUT_06,5,230,91,37,2,23,170,64978
18STF_11,0,143,1064,0,0,36460,14578,13291
11SKD_24,2,0,10598,0,0,0,54929,7
18STF_29,0,0,1354,0,4,45490,9286,9402
13QGB_03,0,0,0,0,0,65536,0,0
13REM_07,0,0,11045,21597,0,5557,28,27309
13QDF_04,0,58,49,0,0,45,65357,27
14SNA_06,0,20,4413,0,39,16412,37087,7565
14VNL_07,0,35506,10,0,0,7898,0,22122
19VEC_08,0,6877,0,0,0,28856,0,29803
18STF_16,0,30,611,0,26,45673,13572,5624
12TUT_01,0,2431,26131,7132,15,8723,2596,18508
12UWF_22,180,0,2343,576,97,9196,48127,5017
14VPJ_00,0,65536,0,0,0,0,0,0
19VEC_01,0,1255,0,0,30,56133,0,8118
18UYD_02,6,2446,0,3,41057,12618,0,9406
11SKD_12,0,0,145,5695,0,21384,0,38312
10SGJ_02,53,3081,0,24112,2538,112,0,35640
12TUT_08,6,0,0,3937,0,34518,0,27075
14VPJ_09,0,12066,0,0,9,19714,0,33747
18STF_20,0,113,1166,0,10,37488,20759,6000
12UWF_14,0,147,0,0,95,53966,91,11237
18UUC_05,0,301,44,0,47,5763,0,59381
10SGJ_05,0,59,165,0,62,10,61051,4189
18STF_18,0,463,642,0,117,29719,13540,21055
11SKD_15,105,0,8103,32728,73,0,0,24527
18UYD_05,0,13979,0,131,8,21091,0,30327
19VEC_06,0,24856,0,0,52,24412,0,16216
18UUC_02,0,31,836,5001,0,4431,0,55237
12UWF_13,22,1375,1185,0,1469,20336,16712,24437
14VNL_09,0,14304,0,0,127,908,0,50197
14SNA_08,0,33,2893,0,33,38862,8113,15602
18STF_27,0,150,506,0,369,36482,4651,23378
13REM_09,43,0,3311,42707,0,3112,4416,11947
15UWB_01,165,14475,18507,0,11,16721,1981,13676
16SBE_27,12,103,1795,0,188,9786,43668,9984
14TKL_26,3,0,1620,0,0,7738,52932,3243
12TYL_27,127,39,384,4145,0,3082,5,57754
12VWJ_07,0,239,0,0,44,27211,0,38042
16TGS_16,0,6979,0,0,26,50834,6,7691
15UWU_25,0,4141,283,167,58,31784,0,29103
21UVU_29,0,10,0,0,0,63385,0,2141
18STJ_23,4,1897,305,0,187,11241,45087,6815
12TYL_18,399,0,12457,20351,0,4401,24,27904
16SBE_18,0,0,190,0,798,3339,58037,3172
14TKL_19,5,0,22,0,0,3561,16886,45062
16TCM_06,0,197,267,0,52,6898,8829,49293
21UVU_16,0,18510,0,0,56,25610,0,21360
17SLS_07,9,2305,1571,0,16,19160,35337,7138
16TGS_29,4,4283,116,0,32,23878,1375,35848
16TGS_11,0,896,0,0,79,44535,224,19802
15UWU_22,0,38,0,0,0,36532,0,28966
12VWJ_00,0,65536,0,0,0,0,0,0
18TWN_09,5,286,393,0,9,48576,4637,11630
16SBE_20,1,242,86,0,428,14903,31771,18105
14TKL_21,12,0,14,0,17,1174,64275,44
12TYL_20,12,0,24,56285,0,0,0,9215
15UWB_06,0,3524,1,0,520,48891,0,12600
17SLS_00,4,15749,1140,0,56,33491,2316,12780
14QNG_08,18,43,2221,0,0,6801,52513,3940
21UVU_11,0,4133,0,0,428,31465,0,29510
18STJ_24,0,0,1817,0,3,17558,35385,10773
15UWU_14,0,210,0,0,0,31255,0,34071
17SLS_09,11,37,1640,0,7,48823,6949,8069
16TGS_27,1,7274,1,0,10,55582,0,2668
11TNM_05,0,0,19,0,0,0,65508,9
14QNG_01,437,0,65079,0,0,0,20,0
21UVU_18,0,51,0,0,53,50934,0,14498
12TYL_16,76,70,32613,14359,0,8577,520,9321
16SBE_16,0,2,112,0,163,3974,56763,4522
14TKL_17,2,0,57,0,0,5983,479,59015
21UVU_27,10,37,3,0,0,31880,0,33606
12VWJ_09,0,0,0,0,0,40617,0,24919
18TWN_00,21,65483,0,27,5,0,0,0
16TGS_18,0,12748,0,0,761,49484,224,2319
16SBE_29,6,325,801,0,109,10563,47042,6690
14TKL_28,0,0,0,0,0,213,65305,18
12TYL_29,0,0,16093,36864,0,1084,1286,10209
18STJ_12,0,96,35,0,0,57123,3849,4433
12TYL_11,482,1890,9015,17349,0,34,4224,32542
16SBE_11,11,92,0,0,133,7977,52965,4358
14TKL_10,2,0,128,0,0,5723,55523,4160
14QNG_06,357,6,15021,0,0,1678,30706,17768
11TNM_02,0,3843,70,35116,0,12614,83,13810
15UWU_13,0,1096,29,0,0,52972,0,11439
16TGS_20,27,0,509,0,0,15850,35246,13904
15UWB_08,1,0,10,0,63,31158,0,34304
18STJ_15,4,1016,172,0,27,16422,32398,15497
18TWN_07,0,0,463,0,0,14819,42379,7875
21UVU_20,0,2706,0,0,14,57600,0,5216
16TCM_12,15,1,1786,0,4,872,60901,1957
21UVU_02,5,647,0,0,0,1038,0,63846
18TWN_25,0,4831,0,0,1,57716,66,2922
17SLS_13,8,835,2454,0,15,36497,13492,12235
15UWB_15,0,0,3,0,87,30973,0,34473
18STJ_08,4,471,6464,0,87,24936,982,32592
16TGS_02,17,206,11703,0,25,7717,21632,24236
12VWJ_13,10,465,569,0,620,40835,0,23037
11TNM_20,14,128,1835,0,38,49542,204,13775
14QNG_24,0,0,0,0,0,65272,127,137
15UWU_09,0,998,0,0,0,24426,0,40112
17SLS_14,16,383,992,0,23,33336,10111,20675
11TNM_18,0,0,350,0,0,9639,2678,52869
18TWN_22,2,15,255,0,0,8754,47834,8676
21UVU_05,0,404,2,0,82,3018,0,62030
14QNG_23,0,0,106,0,0,59364,4576,1490
12VWJ_14,0,0,6,912,0,30778,0,33840
11TNM_27,11,0,521,0,116,42834,16817,5237
16TGS_05,0,0,3,0,0,323,64685,525
15UWB_12,0,1535,0,0,524,46811,0,16666
17SLS_22,1,5597,305,0,67,36531,12992,10043
18TWN_14,25,87,40,0,93,44725,8342,12224
18STJ_06,43,109,12044,0,406,14890,1057,36987
16TCM_23,39,10,74,0,1,1096,59959,4357
11TNM_11,20,0,1451,0,0,11630,36139,16296
12VWJ_22,0,193,0,5604,233,27286,0,32220
15UWU_00,0,65536,0,0,0,0,0,0
14QNG_15,826,0,14064,0,0,5842,40077,4727
15UWB_24,0,1674,0,0,510,31339,0,32013
16SBE_02,115,295,42328,14,79,7450,8193,7062
14TKL_03,2,7031,1889,45,1376,23689,12463,19041
12TYL_02,0,0,0,65536,0,0,0,0
18STJ_01,2,117,50877,0,172,5761,187,8420
18TWN_13,92,14,103,0,20,26596,27570,11141
11TNM_29,0,0,13,3,0,61722,33,3765
17SLS_25,10,119,1577,0,31,30521,23618,9660
16SBE_05,1,0,1912,0,0,0,63611,12
14TKL_04,0,0,612,7,3,28344,85,36485
12TYL_05,11,1154,3141,742,4,1442,57852,1190
15UWB_23,0,11,168,490,942,45076,0,18849
14QNG_12,0,0,0,2693,0,62827,16,0
15UWU_07,0,0,0,0,0,33977,0,31559
11TNM_16,1,0,25,0,0,11641,39054,14815
12VWJ_25,0,565,0,30,50,48209,0,16682
14VPJ_13,0,4457,1397,0,10,3043,0,56629
18UUC_20,0,9824,0,65,57,44669,0,10921
12TUT_12,0,0,0,70,267,35152,0,30047
13QDF_28,0,0,573,256,0,57200,142,7365
10SGJ_18,15,0,1265,30197,3,990,0,33066
11SKD_08,158,431,47739,6630,0,25,8147,2406
18STF_05,0,2,22,0,2,22429,442,42639
18UYD_18,0,1503,0,35,87,53447,0,10464
19VEC_24,0,17584,0,0,0,41651,0,6301
14SNA_15,0,5,2549,0,16,38018,3108,21840
14VNL_14,0,17260,0,0,651,25884,0,21741
18UYD_27,0,23631,0,0,6,9633,0,32266
13QGB_10,12,0,8,1187,0,46327,1852,16150
10SGJ_27,0,0,0,910,0,60873,0,3753
13REM_14,16,0,5753,43,0,80,56362,3282
13QDF_17,0,0,4,0,0,40361,21,25150
18STF_02,0,292,2250,0,441,43458,14005,5090
13QGB_28,0,0,25,399,0,22167,42603,342
12TUT_15,0,0,0,0,0,65536,0,0
14VPJ_14,2,10573,333,0,0,39535,0,15093
18UUC_27,9,177,0,1668,1,43843,0,19838
10SGJ_20,28,66,727,833,28,60191,0,3663
13REM_13,0,0,26718,12286,0,13306,0,13226
13QDF_10,18,15,300,2922,0,34578,6772,20931
13QGB_17,0,0,0,0,0,49441,177,15918
14SNA_12,72,62,6000,0,157,24654,17236,17355
14VNL_13,0,1709,20,0,0,33508,0,30299
18UYD_20,0,19195,0,0,12562,22372,0,11407
19VEC_23,0,21133,0,0,4,42719,0,1680
12UWF_09,43,440,765,20,591,47486,394,15797
18UUC_18,0,0,0,231,0,33363,0,31942
10SGJ_29,0,0,11712,0,170,47584,0,6070
13QDF_19,0,0,629,0,0,31861,16,33030
18UYD_29,0,11835,0,0,2,47392,0,6307
18UUC_11,0,8109,0,0,18,50720,0,6689
14VPJ_22,0,34959,0,0,1,60,0,30516
12UWF_00,0,65536,0,0,0,0,0,0
12TUT_23,0,1076,3129,12374,381,7227,1010,40339
14VNL_25,0,3852,90,0,0,11470,0,50124
14SNA_24,0,41,1856,0,9,6942,46369,10319
18UYD_16,21,6775,0,0,273,48087,0,10380
19VEC_15,0,1419,0,0,0,5,0,64112
13REM_25,0,0,0,1018,0,6,0,64512
13QDF_26,5,83,1645,0,0,56805,45,6953
10SGJ_16,3,526,0,12076,14400,17917,551,20063
11SKD_06,0,87,32,1265,0,0,7,64145
13QGB_21,19,0,1078,1414,0,21777,4034,37214
12TUT_24,0,622,27,0,0,0,1,64886
12UWF_07,291,10097,932,441,348,32890,13514,7023
18UUC_16,0,2474,0,18,0,61697,0,1347
14VPJ_25,0,1638,0,467,61,11226,0,52144
13QGB_19,4,0,8,316,0,57498,7493,217
18UUC_29,0,5525,0,0,14,52164,0,7833
11SKD_01,0,0,337,65199,0,0,0,0
13QGB_26,6,114,306,181,0,32677,30612,1640
13REM_22,28,0,28267,1174,0,2095,0,33972
13QDF_21,0,0,0,0,0,48558,2,16976
10SGJ_11,0,54,14,0,11,42191,0,23266
19VEC_12,0,10253,0,0,2,38279,0,17002
14VNL_22,0,4472,94,9,389,30440,0,30132
14SNA_23,0,864,2366,0,641,54206,480,6979
18UYD_11,7,15343,0,2787,9,17263,0,30127
17SLS_24,25,484,431,0,0,13721,45626,5249
18TWN_12,87,217,10175,0,35,29204,9621,16197
11TNM_28,8,0,479,0,3,1845,62671,530
18STJ_00,0,18349,557,0,237,15083,15099,16211
16TCM_25,190,289,4252,0,39,1813,55198,3755
14QNG_13,97,0,3706,0,0,1466,59522,745
11TNM_17,0,0,120,0,341,39382,21872,3821
12VWJ_24,11,0,213,435,45,56581,0,8251
15UWU_06,0,0,0,0,0,42602,0,22934
14TKL_05,0,0,22,0,0,22,65492,0
16SBE_04,0,78,289,0,2,64975,0,192
12TYL_04,0,7,0,0,0,65245,0,284
15UWB_22,120,0,59,1196,201,30141,0,33819
18STJ_07,0,19,520,0,139,37885,16048,10925
18TWN_15,25,40,2,0,329,55103,1387,8650
17SLS_23,4,392,794,0,2,49585,6191,8568
15UWB_25,2,2740,3,62,534,8860,0,53335
14TKL_02,0,0,0,0,0,0,65536,0
16SBE_03,0,37581,363,0,1483,22376,1754,1979
12TYL_03,102,1669,1,58575,166,0,0,5023
15UWU_01,5,264,4408,0,334,54734,0,5791
11TNM_10,8,4115,12014,861,0,538,831,47169
12VWJ_23,290,427,49,378,3,49492,0,14897
14QNG_14,662,74,9981,0,0,0,52068,2751
11TNM_19,0,0,46,0,0,63420,5,2065
18TWN_23,0,721,5,0,163,59671,85,4891
17SLS_15,2,1219,164,0,42,42850,14184,7075
15UWU_08,0,37,0,0,0,53917,0,11582
21UVU_04,0,0,0,0,0,65489,0,47
15UWB_13,0,19,0,0,1,60526,0,4990
14QNG_22,8,0,303,0,0,1111,64035,79
16TGS_04,0,0,0,0,0,65028,33,475
12VWJ_15,5,9520,19,1,108,49606,0,6277
11TNM_26,7,5,51,0,62,60815,1027,3569
21UVU_03,0,3417,228,0,116,8375,0,53400
17SLS_12,8,500,340,0,16,53622,7757,3293
18TWN_24,74,42929,1067,0,39,10013,1306,10108
16TCM_13,7,0,1006,0,7,635,61950,1931
12VWJ_12,0,23,0,0,5,29075,0,36433
11TNM_21,50,0,270,664,2,47514,4903,12133
16TGS_03,0,15146,0,0,2636,35735,1411,10608
14QNG_25,536,0,7091,2132,0,770,16008,38999
15UWB_14,0,1116,0,0,31,44617,0,19772
18STJ_09,79,76,20668,0,459,24757,765,18732
13QGB_18,0,0,2,0,0,13833,1883,49818
12TUT_25,4,0,0,0,0,58588,0,6944
18UUC_17,0,27285,0,40,8,36075,0,2128
14VPJ_24,0,3565,0,0,49,9379,0,52543
12UWF_06,0,383,18,1177,63,6041,1683,56171
13QDF_20,12,0,0,0,0,41713,4,23807
13REM_23,0,0,2547,0,0,571,0,62418
10SGJ_10,14,0,1135,1487,0,45246,0,17654
11SKD_00,0,65536,0,0,0,0,0,0
13QGB_27,0,0,28,27,0,33007,1655,30819
18UYD_10,0,27645,0,0,0,30296,0,7595
14VNL_23,0,12688,133,0,1,13199,0,39515
14SNA_22,0,308,2265,0,396,51643,3035,7889
19VEC_13,0,29648,0,0,1,11415,0,24472
18UUC_28,0,22538,0,31,32,39814,0,3121
12UWF_01,135,9365,36475,138,22,3,18725,673
18UUC_10,1,8931,0,0,13,50979,0,5612
14VPJ_23,0,9015,0,0,7,388,0,56126
12TUT_22,2,709,0,0,3161,30869,0,30795
10SGJ_28,0,89,1243,1635,0,29055,0,33514
13QDF_18,0,0,0,0,0,60508,57,4971
18UYD_28,0,10152,0,0,2103,36132,0,17149
19VEC_14,0,7849,0,0,2,22014,0,35671
18UYD_17,3,533,0,388,1258,19663,0,43691
14VNL_24,0,4418,87,0,73,5535,0,55423
14SNA_25,28,173,2572,0,64,32578,14060,16061
11SKD_07,0,0,8,3386,7,28831,0,33304
13QGB_20,557,0,46953,0,0,8757,9198,71
13QDF_27,0,0,0,332,0,48154,0,17050
13REM_24,0,0,533,0,0,224,0,64779
10SGJ_17,0,242,8443,46451,0,0,2424,7976
12TUT_14,0,0,268,15032,0,8561,0,41675
14VPJ_15,0,2922,730,0,0,42598,0,19286
18UUC_26,0,1001,0,54,0,60259,0,4222
13QGB_29,2,0,369,0,0,41600,23534,31
18STF_03,0,0,0,0,0,65369,29,138
18UUC_19,16,1230,0,276,0,46568,0,17446
12UWF_08,0,53412,0,0,11,2801,99,9213
13QGB_16,5,0,28,7,0,17303,31023,17170
10SGJ_21,0,121,4831,60512,0,0,0,72
13QDF_11,0,760,2,0,0,63301,419,1054
13REM_12,0,1020,11865,27774,0,8372,0,16505
19VEC_22,0,2619,0,0,1,59008,0,3908
18UYD_21,0,19483,0,0,42,24266,0,21745
14SNA_13,0,3,3809,0,30,41694,8990,11010
14VNL_12,0,11692,5,0,1,25950,0,27888
11SKD_09,5,0,0,2531,0,60868,0,2132
18STF_04,0,7,2307,0,0,807,61281,1134
13QDF_29,0,0,3,170,0,55529,1,9833
10SGJ_19,28,0,449,1837,225,35626,0,27371
18UYD_19,8,10253,0,0,0,25821,0,29454
14VPJ_12,3,34666,2691,0,1,7058,0,21117
18UUC_21,0,761,0,25,66,44214,0,20470
12TUT_13,1,2,1900,372,1,54638,0,8622
18UYD_26,0,51781,0,0,2404,6230,0,5121
14SNA_14,0,44,2697,0,35,29313,16034,17413
14VNL_15,0,12610,36,0,5,40307,0,12578
19VEC_25,0,1571,0,0,0,25633,0,38332
10SGJ_26,5,140,41162,978,0,0,0,23251
13QDF_16,2,9,1677,1,0,56624,853,6370
13REM_15,60,0,5783,30691,0,30,0,28972
13QGB_11,251,0,29786,1305,0,1767,29589,2838
16PGV_00,0,563,0,0,0,3769,0,61204
13QEC_26,1,237,0,0,0,884,55250,9164
11UMQ_17,0,0,0,0,0,36166,2806,26564
19TDK_01,5,4500,27589,0,6,6888,2626,23922
17TPL_06,1,1319,0,0,119,6389,339,57369
15SVR_04,0,0,0,0,0,65456,18,62
13QEC_19,0,0,0,0,0,64058,734,744
15UWS_11,5,4349,0,0,109,41561,0,19512
10UCC_07,328,131,0,3546,6320,46771,0,8440
11UMQ_28,63,0,1526,163,240,57788,240,5516
17TPL_01,30,6526,20615,0,253,15331,16860,5921
19TDK_06,66,846,5895,0,44,18928,2311,37446
11UMQ_10,1,40,1,0,32,43773,2176,19513
12VXK_04,0,0,0,105,3,13161,0,52267
16PGV_07,0,314,452,0,0,43771,0,20999
13QEC_21,2,0,0,0,0,51235,3056,11243
15UWS_29,7,544,174,0,24,40934,2,23851
10UCC_00,0,65536,0,0,0,0,0,0
15UWS_16,0,17471,0,0,1740,25545,0,20780
15SVR_03,0,25489,17,856,180,25396,9544,4054
11UMQ_26,18,8,559,1617,8,42331,1126,19869
10UCC_09,30,169,0,3,11173,48118,0,6043
12VXH_15,1,0,0,0,0,43932,0,21603
13QEC_17,0,0,7,0,0,1600,62757,1172
17TPL_08,0,4,0,0,5,61822,237,3468
11UMQ_19,630,0,3,216,413,48717,0,15557
13QEC_28,186,0,120,0,0,38161,8448,18621
15UWS_20,0,0,5,0,48,51399,0,14084
13SBS_03,0,0,4,0,0,64530,0,1002
13QEC_10,6,0,7,269,0,24069,6910,34275
15UWS_18,0,2735,0,0,1485,41457,0,19859
12VXH_12,124,0,0,0,0,50055,0,15357
11UMQ_21,18,0,1,262,0,51633,0,13622
13SBS_04,0,0,381,0,0,0,65077,78
16PGV_09,0,0,9,0,0,40183,0,25344
15UWS_27,0,7384,255,0,3581,31625,0,22691
19TDK_08,0,38101,444,0,30,12654,7517,6790
12TVR_05,2,0,142,0,0,0,65153,239
15TYJ_07,7,0,3351,0,66,13027,45466,3619
15UYP_18,1,999,231,0,1,58996,71,5237
13SFR_04,0,0,7127,1910,0,29382,1024,26093
14SPB_15,16,9197,22494,74,42,23217,5467,5029
14QMJ_29,0,0,0,0,0,46385,286,18865
11SPU_23,1,0,0,65535,0,0,0,0
14QMJ_16,172,1171,186,0,0,43225,4566,16216
15UYP_27,0,62527,0,0,0,2920,38,51
12SYE_13,0,7,210,644,0,43423,13,21239
14QKH_06,71,777,224,0,0,146,59843,4475
17SMU_05,4,161,6040,0,15,12935,18600,27781
18TXP_13,1,535,623,0,0,3738,56934,3705
14TNS_23,7,19291,364,0,281,1069,39174,5350
14SND_12,24,394,1223,0,0,3037,27457,33401
11SPU_24,0,0,0,65536,0,0,0,0
13SFR_03,549,11493,7122,22506,2248,782,0,20836
14SPB_12,4,303,2814,0,0,26953,15805,19657
12TVR_02,24,1821,0,14267,26370,83,0,22971
15TYJ_00,0,65536,0,0,0,0,0,0
14ULE_08,17,4606,1543,421,0,42813,3,16133
14SND_15,22,37,944,0,0,8644,30103,25786
18TXP_14,0,406,33,0,1,42867,16447,5782
14TNS_24,11,37,611,0,0,566,63050,1261
14QKH_01,1725,0,63166,0,0,0,415,230
17SMU_02,0,4787,12697,0,642,20095,14908,12407
15UYP_20,0,1427,106,0,75,45974,3946,14008
12SYE_14,584,0,21776,33697,0,825,4,8650
14QMJ_11,1942,1,19347,306,0,11524,4560,27856
11SPU_12,19,0,327,64166,0,0,0,1024
14QKH_08,0,0,198,0,0,22419,18103,24816
15UYP_29,5,0,2460,0,16,11069,38015,13971
14QMJ_18,84,0,2101,0,0,32967,4543,25841
14SPB_24,6,0,39772,0,0,23870,973,915
18TXP_22,0,0,0,0,9,60975,144,4408
14TNS_12,1,20,401,0,14,2760,60373,1967
14SND_23,41,90,1768,0,0,1156,26981,35500
11ULB_04,0,0,0,0,0,64927,10,599
14QMJ_27,0,0,0,0,0,65429,60,47
15TYJ_09,4,0,1250,0,8,24062,35821,4391
14ULE_01,2,7675,34132,160,15,5864,13195,4493
12SYE_22,94,0,1955,59391,0,1024,0,3072
15UYP_16,0,442,161,0,2,43917,14141,6873
14SPB_23,0,260,3717,0,0,3451,52976,5132
11SPU_15,26,0,1688,55427,0,66,0,8329
12SYE_25,540,0,15275,26683,0,2866,0,20172
15UYP_11,0,4294,0,0,1,45154,6,16081
14ULE_06,1,0,0,0,0,147,0,65388
11ULB_03,414,5080,14,704,7959,531,43678,7156
14QMJ_20,371,0,576,15,0,42767,2243,19564
14SND_24,377,462,766,0,0,14814,23012,26105
18TXP_25,4,85,16,0,5,30837,26225,8364
14TNS_15,2,27992,386,0,50,373,35742,991
11UMQ_20,82,0,235,0,8,35568,20089,9554
15UWS_19,0,37109,0,0,4816,15609,0,8002
13QEC_11,7,0,32,27,0,38328,14123,13019
19TDK_09,0,566,104,0,0,46634,4695,13537
16PGV_08,0,56,0,0,0,26270,0,39210
15UWS_26,0,74,0,0,279,54569,0,10614
13SBS_05,0,0,1966,2195,0,914,4,60457
13QEC_16,0,0,0,0,0,62580,1354,1602
11UMQ_27,5,0,1389,29,10,43145,2533,18425
12VXH_14,0,0,0,0,0,41139,0,24397
10UCC_08,31,970,0,908,48204,6975,0,8448
13SBS_02,0,0,0,42024,0,0,0,23512
15UWS_21,0,481,319,0,332,12936,0,51468
13QEC_29,1,3283,14,0,0,1113,53476,7649
17TPL_09,0,3130,0,0,30,57086,86,5204
11UMQ_18,14,47,0,0,0,64109,0,1366
16PGV_06,0,2647,15,0,0,36320,6044,20510
15UWS_28,0,1129,321,0,1376,41588,0,21122
13QEC_20,24,27,2,0,0,45283,9282,10918
17TPL_00,0,65448,0,0,4,53,5,26
11UMQ_11,110,0,0,0,0,41429,2,23995
19TDK_07,2,6933,179,0,1,41273,13403,3745
15SVR_02,1,84,534,0,0,2548,61412,957
15UWS_17,1,15365,54,0,1026,23548,0,25542
10UCC_01,0,159,51,16,0,5470,0,59840
19TDK_00,0,64111,0,0,13,1351,0,61
11UMQ_16,907,0,0,2794,1516,35927,0,24392
17TPL_07,0,12302,760,0,116,20682,544,31132
12VXH_25,0,0,2,0,0,58517,0,7017
16PGV_01,0,46,5,0,0,135,0,65350
13QEC_27,6,1,143,0,0,18219,11311,35856
12VXK_02,654,11379,296,14698,4706,10555,0,23248
10UCC_06,0,0,0,33,0,59115,0,6388
11UMQ_29,35,0,0,0,0,62071,0,3430
15UWS_10,2,34606,0,0,4008,15580,0,11340
13QEC_18,0,0,775,0,0,219,64434,108
15SVR_05,0,19,5,0,0,1961,59475,4076
11SPU_14,0,0,1135,64218,0,2,0,181
14SPB_22,0,507,36021,0,58,19871,3110,5969
14SND_25,0,12349,275,0,0,11511,1564,39837
14TNS_14,0,581,87,0,0,1492,45727,17649
18TXP_24,0,13390,10,0,15,46939,646,4536
14ULE_07,3,64084,0,141,0,1083,0,225
12SYE_24,1126,0,24808,36106,0,867,0,2629
15UYP_10,0,516,0,0,0,35862,9397,19761
11ULB_02,1391,159,63,1230,69,13886,38897,9841
14QMJ_21,0,7,0,0,0,59853,3605,2071
15UYP_28,2,245,30,0,13,49490,3193,12563
14SPB_25,0,143,2854,892,7,19593,19136,22911
14QMJ_19,0,0,409,0,0,52699,301,12127
11SPU_13,0,0,4234,60278,0,0,0,1024
14QKH_09,9,347,2889,0,0,30987,22992,8312
11ULB_05,0,0,0,0,2,15,65102,417
14QMJ_26,3,27,235,0,0,48044,8527,8700
12SYE_23,312,0,9779,52058,0,588,44,2755
15UYP_17,0,59933,66,0,3,4328,0,1206
14ULE_00,0,65536,0,0,0,0,0,0
15TYJ_08,2,0,1188,0,31,20351,24583,19381
14TNS_13,5,1621,829,0,1,1575,49599,11906
18TXP_23,0,0,0,0,0,60692,3796,1048
14SND_22,235,168,5279,0,0,5718,20568,33568
13SFR_02,21,0,134,53097,0,0,0,12284
14SPB_13,0,416,1361,0,20,8453,29310,25976
14ULE_09,0,45724,0,0,0,7807,2,12003
15TYJ_01,15,0,24648,0,36,3974,12358,24505
12TVR_03,23,55,11061,117,12860,21409,123,19888
11SPU_25,0,0,4,65532,0,0,0,0
15UYP_21,25,318,546,182,23,43634,9848,10960
12SYE_15,549,0,9702,52213,0,0,0,3072
14QMJ_10,49,0,671,36,0,33413,3956,27411
14SND_14,428,361,17725,0,0,13470,20005,13547
14QKH_00,0,65536,0,0,0,0,0,0
17SMU_03,0,0,4,0,0,65481,7,44
14TNS_25,0,0,883,0,0,0,64599,54
18TXP_15,7,109,94,0,11,45163,8985,11167
11SPU_22,6,0,4493,54634,0,33,0,6370
15UYP_19,0,54,0,0,0,55452,14,10016
15TYJ_06,3,1228,397,0,1049,3887,181,58791
12TVR_04,9,0,57,0,4,65351,0,115
14QMJ_28,0,0,58,59,0,48557,347,16515
13SFR_05,1084,0,10465,195,0,176,52175,1441
14SPB_14,17,930,9398,0,102,6760,38945,9384
14TNS_22,0,339,274,0,2,1008,62288,1625
18TXP_12,1,6763,1516,0,0,5168,46481,5607
14QKH_07,391,0,11807,0,0,581,48401,4356
17SMU_04,0,529,1328,0,40,8669,49148,5822
14SND_13,8,100,659,0,0,1152,53894,9723
14QMJ_17,0,0,206,0,0,58077,532,6721
15UYP_26,0,1483,77,25,0,43043,631,20277
12SYE_12,0,0,1118,58367,0,0,0,6051
15SVR_23,7,11045,20,0,0,38565,1688,14211
13SBS_15,205,0,3798,0,0,0,0,61533
16PGV_18,0,0,24,0,0,45120,541,19851
10UCC_20,16,3568,0,3021,22598,20160,0,16173
19TDK_19,0,57,0,0,14,46728,1084,17653
16PGV_27,0,0,18,0,0,24464,0,41054
15UWS_09,0,0,99,0,1,16861,0,48575
13QEC_01,7,0,30043,9270,0,462,25528,226
19TDK_26,57,504,15,0,0,48655,1323,14982
17TPL_21,3,10374,136,0,48,49670,1605,3700
12VXH_03,0,11031,1,1024,12442,36436,0,4602
11UMQ_08,4,0,232,0,204,63569,0,1527
10UCC_27,0,72,0,115,0,59724,0,5625
17TPL_19,0,3177,166,0,8,55601,3723,2861
15SVR_24,41,13,427,0,0,55623,3740,5692
13SBS_12,766,0,27595,3064,0,0,0,34111
17TPL_26,0,4241,0,0,17,34672,122,26484
12VXH_04,0,0,0,0,3,65214,0,319
10UCC_18,89,617,0,7253,51199,40,0,6338
19TDK_21,19,12730,50,0,8,38802,1427,12500
16PGV_20,0,0,30,0,0,40398,21,25087
13QEC_06,8,0,7,0,0,60042,222,5257
10UCC_11,104,0,3,0,2,50277,0,15150
19TDK_28,233,0,155,0,0,49145,3105,12898
16PGV_29,0,4301,108,0,0,36164,0,24963
15UWS_07,2,7453,5,0,692,52395,0,4989
13SBS_24,0,0,48,0,0,65381,0,107
15SVR_12,0,7,0,0,0,62132,980,2417
19TDK_17,22,118,83,0,4,59147,1930,4232
11UMQ_01,42,5763,37004,38,170,11632,1999,8888
17TPL_10,0,749,118,0,3,25865,1975,36826
16PGV_16,0,0,13,0,0,33610,1330,30583
13SBS_23,3,44235,3962,2269,0,0,36,15031
15SVR_15,1,92,677,25,0,43035,8207,13499
15UWS_00,0,65536,0,0,0,0,0,0
13QEC_08,12,0,1524,773,0,16288,24811,22128
17TPL_28,0,1606,0,0,10,59867,374,3679
10UCC_16,20,468,705,733,2607,32128,0,28875
16PGV_11,0,44,0,0,0,40071,0,25421
10UCC_29,31,1999,0,798,30304,3419,0,28985
17TPL_17,2,16546,50,0,15,44534,36,4353
11UMQ_06,32,204,3795,2552,279,4898,1374,52402
19TDK_10,2,527,315,0,0,43966,7628,13098
11ULB_12,122,0,360,0,0,146,57252,7656
15UYP_00,0,65536,0,0,0,0,0,0
14ULE_17,0,1396,0,44,209,808,0,63079
14QKH_21,493,18,4734,0,0,823,43444,16024
17SMU_22,6,5,2328,0,2,35255,11099,16841
14TNS_04,1,1332,881,0,0,28738,25687,8897
15TYJ_20,1,587,462,0,1639,13451,33261,16135
14ULE_28,0,0,0,0,0,51673,18,13845
12TVR_22,0,26,928,16087,0,1398,28042,19055
13SFR_23,88,91,1450,4874,5,0,3072,55956
11SPU_04,10,0,443,50915,0,0,14168,0
14TNS_03,0,476,160,0,0,101,58448,6351
14QKH_26,28,26,1167,0,0,3167,58746,2402
17SMU_25,0,289,401,0,0,35239,21084,8523
14ULE_10,0,0,0,0,0,9998,0,55538
15TYJ_18,0,544,192,0,2,33774,9912,21112
15UYP_07,0,3544,191,0,15,47219,229,14338
11ULB_15,7,0,5,0,0,787,64063,674
14QKH_19,0,0,0,0,0,45404,19065,1067
11SPU_03,0,0,2562,15918,0,28984,0,18072
14QMJ_09,3,4,332,0,0,57358,1186,6653
13SFR_24,232,0,1817,2183,0,0,58232,3072
15TYJ_27,25,403,1375,66,13,20360,18502,24792
12TVR_25,0,32,502,0,0,38705,99,26198
18TXP_05,3,0,1343,0,0,457,63094,639
17SMU_13,0,8,93,0,0,44838,10744,9853
14QKH_10,0,602,2090,0,0,9341,33273,20230
14SND_04,80,0,79,0,0,11,64978,388
11ULB_23,0,15890,116,21,3,458,43838,5210
14QMJ_00,795,5476,3717,0,0,33629,6645,15274
14ULE_26,0,475,2,270,2,41538,0,23249
12SYE_05,38,24,23159,15077,1,161,23532,3544
14ULE_19,0,0,0,0,7,41392,0,24137
15TYJ_11,0,115,621,0,88,20343,33201,11168
12TVR_13,0,663,10,0,0,59723,6,5134
14SPB_03,0,817,3647,0,65,54478,1442,5087
13SFR_12,107,0,28019,4930,0,448,15096,16936
12SYE_02,0,0,0,65536,0,0,0,0
15TYJ_29,2,3322,459,0,22,26105,7816,27810
14ULE_21,1,28370,338,93,0,26636,55,10043
11ULB_24,4,0,375,0,0,4,62384,2769
14QMJ_07,58,0,521,0,0,36410,11979,16568
14SND_03,8,625,442,0,0,56052,190,8219
17SMU_14,179,21,23338,0,54,15157,11051,15736
14QKH_17,0,23,1173,0,0,49249,8107,6984
18TXP_02,224,1384,13632,0,55,13638,21712,14891
14SPB_04,0,1015,606,0,76,1346,58271,4222
13SFR_15,430,321,19897,10931,8,1533,2,32414
15TYJ_16,48,5264,15414,0,98,20032,1206,23474
12TVR_14,99,0,2638,0,0,1229,51685,9885
15UYP_09,0,889,56,0,3,44752,490,19346
14QKH_28,2,2,412,0,0,48615,12156,4349
17TPL_29,3,40857,315,0,5,17126,2092,5138
10UCC_17,7,43,0,2414,3001,41858,0,18213
13QEC_09,19,215,0,522,0,48620,2279,13881
15UWS_01,303,5077,6936,1024,201,16188,0,35807
13SBS_22,0,0,2119,0,0,7,0,63410
15SVR_14,2,21,235,150,0,49581,6325,9222
10UCC_28,0,895,6,502,0,52844,0,11289
17TPL_16,0,6962,0,0,3,51737,621,6213
19TDK_11,0,16761,312,0,9,32994,3412,12048
11UMQ_07,435,0,0,0,0,40940,0,24161
16PGV_10,0,0,19,0,0,41716,0,23801
13SBS_25,2,0,12620,35,0,13438,617,38824
15SVR_13,4,20,780,0,0,45614,8421,10697
16PGV_28,0,0,155,0,0,36558,0,28823
15UWS_06,0,1900,862,0,115,42940,0,19719
10UCC_10,0,8,0,0,1858,63377,0,293
19TDK_29,11,4,204,0,10,50902,1896,12509
16PGV_17,0,365,2175,0,0,25685,4,37307
11UMQ_00,5,58119,1,506,330,6285,0,290
19TDK_16,7,5162,17946,0,6,18553,6250,17612
17TPL_11,0,16309,696,0,36,36646,6131,5718
15SVR_25,0,0,46,0,0,64185,265,1040
13SBS_13,46,0,35707,7168,0,0,0,22615
11UMQ_09,0,0,0,0,7,58727,751,6051
10UCC_26,72,0,0,6997,4013,20654,0,33800
17TPL_18,0,17602,0,0,2,45630,104,2198
16PGV_21,0,0,14,0,0,39243,1476,24803
13QEC_07,0,0,0,0,0,41211,2520,21805
17TPL_27,0,3118,1,0,3,57645,346,4423
10UCC_19,0,0,0,0,11,62433,0,3092
19TDK_20,172,88,494,0,31,34206,7404,23141
10UCC_21,0,0,6,6412,0,29798,0,29320
19TDK_18,15,287,248,0,63,46689,10027,8207
16PGV_19,0,0,20,0,0,38238,29,27249
15SVR_22,203,1797,2861,0,0,42251,10534,7890
13SBS_14,0,0,20579,661,0,6331,0,37965
19TDK_27,8,0,206,0,1,39607,8415,17299
17TPL_20,0,769,0,0,3,59235,667,4862
12VXH_02,0,0,19,21680,0,27004,0,16833
16PGV_26,0,5,41,0,0,44176,0,21314
13QEC_00,0,32397,113,367,0,6512,24307,1840
15UWS_08,0,2748,3,0,1605,21016,0,40164
14SND_02,31,12,189,0,0,4643,1111,59550
18TXP_03,472,4347,20029,0,1345,13763,7750,17830
17SMU_15,0,42,67,0,2,56662,3097,5666
14QKH_16,8,0,4289,0,0,22185,18965,20089
14ULE_20,0,0,0,0,0,15269,11,50256
15TYJ_28,1,17483,4012,461,14,19537,5960,18068
12SYE_03,55,84,57086,7340,1,58,0,912
11ULB_25,3,12,724,0,210,48321,1095,15171
14QMJ_06,0,0,37,0,0,56316,121,9062
14QKH_29,129,2,343,0,0,107,64898,57
14SPB_05,0,21,3047,0,0,2492,4499,55477
13SFR_14,35,0,22213,4812,0,104,0,38372
15UYP_08,2,629,43,0,5,44749,13452,6656
12TVR_15,19,0,810,4410,0,17049,3,43245
15TYJ_17,0,0,85,0,0,57652,6847,952
11ULB_22,0,48,153,3733,1,53743,24,7834
14QMJ_01,989,98,56341,0,0,1408,3928,2772
12SYE_04,0,0,0,0,0,65400,0,136
14ULE_27,0,65414,0,0,0,0,0,122
17SMU_12,0,17,256,0,1,37781,20335,7146
14QKH_11,23,0,2142,0,0,147,63059,165
18TXP_04,0,0,0,0,0,65536,0,0
14SND_05,2,346,1027,56,0,2056,6942,55107
12TVR_12,0,0,773,53805,0,3429,0,7529
15TYJ_10,0,0,1707,0,40,26959,25176,11654
14ULE_18,6,36172,8,0,4,474,2,28870
14SPB_02,70,1062,29996,0,270,15505,16250,2383
13SFR_13,1360,241,23534,9828,2,98,0,30473
15UYP_06,0,0,0,49,1,19340,24,46122
15TYJ_19,4,265,111,0,113,13405,47178,4460
14ULE_11,0,23428,1224,729,42,3613,3,36497
11ULB_14,1274,790,243,0,541,13430,35119,14139
14QKH_27,80,3,3046,0,0,7,54932,7468
17SMU_24,0,197,2341,0,7,43180,3814,15997
14TNS_02,3,50,423,1051,63,828,62881,237
13SFR_25,378,0,9884,6144,0,0,47082,2048
14QMJ_08,0,0,6,0,0,62808,76,2646
12TVR_24,1,4,379,0,0,7978,3034,54140
15TYJ_26,4,0,45,0,1,22814,39056,3616
14QKH_18,13,0,4629,0,0,29924,23048,7922
11SPU_02,0,0,0,65536,0,0,0,0
14TNS_05,2,0,279,65,1,291,64848,50
14QKH_20,47,0,9483,0,0,15704,38595,1707
17SMU_23,0,126,19,0,8,53663,2271,9449
11ULB_13,317,20,9,11,537,7663,50993,5986
14ULE_16,0,0,1222,0,0,0,0,64314
15UYP_01,7,0,53812,0,0,801,1791,9125
11SPU_05,0,0,62,4849,0,912,0,59713
12TVR_23,0,0,300,0,0,58118,17,7101
14ULE_29,0,1017,0,28517,0,8,0,35994
15TYJ_21,0,222,154,0,0,1833,62227,1100
13SFR_22,13,0,4231,0,0,0,1024,60268
12TYL_14,0,0,19256,9126,0,19991,3711,13452
14TKL_15,3,0,7,0,0,6190,12212,47124
16SBE_14,10,360,380,0,415,15427,28418,20526
15UWU_16,0,54500,0,0,82,14,0,10940
16TGS_25,0,193,5,0,3,56269,684,8382
11TNM_07,0,0,0,0,0,65419,0,117
14QNG_03,0,0,0,0,0,65536,0,0
18STJ_10,0,186,90,0,2,56775,5001,3482
21UVU_25,0,11368,0,0,13,43219,0,10936
18TWN_02,647,8,25362,5,1,18057,2331,19125
15UWU_29,2,5511,0,0,0,54111,0,5912
14QNG_04,0,0,0,0,0,0,65520,16
11TNM_00,14,36075,2126,2241,0,19251,1249,4580
15UWU_11,0,30611,0,0,16,31893,0,3016
16TGS_22,36,24551,3418,0,123,18788,6295,12325
12TYL_13,9,0,93,31962,0,0,0,33472
14TKL_12,13,0,140,0,0,1012,61558,2813
16SBE_13,1,15893,75,0,875,8883,20673,19136
18STJ_28,0,67,79,0,12,9949,50876,4553
18TWN_05,13,0,347,0,20,2140,59281,3735
21UVU_22,0,5193,0,0,86,47734,0,12523
18STJ_17,0,26,11,0,3,56001,1256,8239
12VWJ_05,0,0,0,0,36,2290,0,63210
16TGS_14,6,27938,1825,0,0,18178,805,16784
15UWU_27,0,5653,3,170,29,18076,0,41605
15UWB_03,0,1362,0,0,348,40648,0,23178
14TKL_24,2,5,7,0,0,8451,3145,53926
16SBE_25,6,18,1743,0,6355,45,56835,534
12TYL_25,34,0,0,64945,0,0,0,557
21UVU_14,0,872,0,0,19,45515,0,19130
17SLS_05,7,886,887,0,0,4812,57136,1808
15UWU_18,0,2,0,0,0,37309,0,28225
11TNM_09,0,0,15,0,9,45736,11922,7854
18STJ_21,0,447,115,0,110,53663,5675,5526
16TCM_04,0,5595,323,0,28,52219,84,7287
18STJ_19,0,114,4082,0,32,10883,39983,10442
14TKL_23,33,0,92,0,0,3932,61170,309
16SBE_22,16,0,268,0,672,1840,61781,959
12TYL_22,51,2570,6945,8552,0,535,39294,7589
15UWB_04,0,0,0,0,0,65461,0,75
16TGS_13,0,98,0,0,7,60096,0,5335
15UWU_20,0,2729,0,0,0,50970,0,11837
12VWJ_02,4,4093,72,0,46,680,0,60641
16TCM_03,0,1383,60124,0,33,2192,0,1804
18STJ_26,11,6566,2689,0,728,5263,43198,7081
17SLS_02,6,927,420,6242,19,20138,1655,36129
21UVU_13,0,2165,3,0,145,42317,0,20906
12UWF_29,0,59892,0,0,11,4708,56,869
19VEC_03,0,3156,0,0,3,1832,0,60545
18UYD_00,0,61504,0,0,55,3092,0,885
11SKD_10,0,0,467,2161,0,12194,0,50714
10SGJ_00,0,65536,0,0,0,0,0,0
12UWF_16,0,65535,0,0,0,0,0,1
18UUC_07,0,4809,19,0,64,44670,0,15974
13QGB_08,115,0,9726,4553,0,11340,25791,14011
18STF_22,0,71,158,0,198,42789,3283,19037
10SGJ_07,4,114,5328,57883,1,0,0,2206
11SKD_17,2,18585,1539,788,428,37396,0,6798
18UYD_07,0,2633,0,0,896,5260,0,56747
19VEC_04,0,4776,0,0,12,47160,0,13588
11SKD_28,21,1524,63361,0,2,6,500,122
18STF_25,0,9530,889,0,121,32674,11871,10451
13QDF_08,93,35370,9224,7092,0,3457,2956,7344
18UUC_00,0,65085,0,0,2,449,0,0
12UWF_11,157,614,8213,469,325,23683,20174,11901
14VNL_02,0,17741,252,280,5138,4952,0,37173
14SNA_03,0,148,576,0,276,63289,137,1110
13REM_02,1,0,0,56319,0,0,2048,7168
13QDF_01,1183,11746,9241,11950,0,100,1628,29688
11SKD_21,0,0,2435,0,0,0,61320,1781
13QGB_06,0,0,2,83,0,53329,839,11283
12UWF_18,143,73,2884,0,875,23738,8550,29273
18UUC_09,0,2260,74,0,0,52579,0,10623
18STF_13,0,188,755,0,0,15922,16635,32036
14VPJ_05,0,1065,0,0,0,55,0,64416
12UWF_27,5,237,9,0,121,56889,966,7309
12TUT_04,0,0,0,0,0,65536,0,0
11SKD_26,0,0,3055,844,0,8117,571,52949
13QGB_01,198,0,63371,0,0,194,1550,223
13REM_05,0,35,554,27007,0,1453,1820,34667
13QDF_06,243,679,431,280,0,24441,30872,8590
14VNL_05,0,16261,0,0,282,9829,0,39164
14SNA_04,0,81,2485,0,137,3536,56933,2364
12TUT_03,0,242,0,6631,290,56358,0,2015
12UWF_20,46,0,1395,0,623,43688,454,19330
14VPJ_02,0,162,0,0,17,327,0,65030
18UYD_09,0,30797,0,0,2,23440,0,11297
10SGJ_09,2,10469,1427,50526,0,0,402,2710
18STF_14,0,88,225,0,0,28964,30216,6043
11SKD_19,2,165,478,9088,56,6297,1,49449
12VWJ_03,0,195,296,0,7258,28844,0,28943
16TGS_12,48,63951,0,0,9,74,137,1317
15UWU_21,0,9685,0,229,0,34624,0,20998
16SBE_23,1,1225,16,0,1238,39204,22949,903
14TKL_22,3,0,31,11,0,938,53329,11224
12TYL_23,1,49,4962,44107,0,43,229,16145
18STJ_18,0,26,335,0,6,32245,22401,10523
15UWB_05,0,12,39,0,227,4220,0,61038
17SLS_03,2,816,2192,0,78,44538,9584,8326
21UVU_12,0,63,0,0,1,49395,0,16077
18STJ_27,0,219,550,0,1,7748,32710,24308
16TCM_02,10,560,1384,5179,4,9985,18612,29802
15UWB_02,0,0,24,0,0,15152,0,50360
16SBE_24,9,534,1001,0,11462,5237,43654,3639
14TKL_25,26,0,792,0,0,919,61445,2354
12TYL_24,127,13,1702,5497,0,16073,114,42010
16TGS_15,0,351,0,0,27,61772,0,3386
15UWU_26,0,0,0,953,0,22334,0,42249
12VWJ_04,0,0,1,0,0,50175,0,15360
16TCM_05,7,0,42,0,0,2,65149,336
18STJ_20,0,187,211,0,13,8779,42224,14122
21UVU_15,0,5211,1,0,302,15673,0,44349
11TNM_08,0,0,885,0,0,1232,60312,3107
15UWU_19,0,470,2,0,1,56887,0,8176
17SLS_04,0,0,0,0,0,65246,269,21
18STJ_29,4,379,323,0,81,26288,28066,10395
12TYL_12,209,31,637,5144,0,3777,0,55738
16SBE_12,1,0,12,0,58,68,65338,59
14TKL_13,2,0,0,34,0,12833,1056,51611
14QNG_05,0,0,44,0,0,3018,3186,59288
15UWU_10,0,1087,12,0,0,46495,0,17942
16TGS_23,7,33942,12064,0,36,948,10174,8365
11TNM_01,4,0,57908,673,0,1476,2998,2477
18STJ_16,0,167,2142,0,2,14668,30921,17636
18TWN_04,0,0,0,0,0,65459,1,76
21UVU_23,0,1960,0,0,24,22217,0,41335
11TNM_06,10,0,4,0,0,4001,180,61341
15UWU_17,0,4165,0,36,0,42391,0,18944
16TGS_24,0,8574,0,0,21,33544,72,23325
14QNG_02,3,279,0,21179,1024,0,1024,42027
12TYL_15,3,0,439,57926,0,0,0,7168
16SBE_15,47,94,674,0,236,10511,35762,18212
14TKL_14,0,0,0,0,0,3014,100,62422
21UVU_24,0,1277,0,79,48,37163,0,26969
15UWU_28,0,21995,0,0,24,11137,0,32380
18TWN_03,0,4720,0,0,43,53415,132,7226
18STJ_11,8,413,809,0,44,3614,51674,8974
13QDF_07,5,0,0,544,0,55327,23,9637
13REM_04,4,0,0,582,0,0,62593,2357
11SKD_27,2,2030,293,126,3,53906,0,9176
13QGB_00,0,54248,55,0,0,5209,4714,1310
14VNL_04,0,0,100,0,167,988,0,64281
14SNA_05,0,175,1695,0,8,17423,6176,40059
18UYD_08,0,15381,0,81,3,42081,0,7990
18STF_15,0,40,269,0,21,39830,7487,17889
11SKD_18,0,0,634,353,0,63462,0,1087
10SGJ_08,2,0,1080,56416,0,0,0,8038
12TUT_02,59,0,194,1456,0,0,0,63827
14VPJ_03,0,0,0,0,0,315,0,65221
12UWF_21,0,0,0,0,170,62392,44,2930
18UUC_08,13,11682,1767,0,31,45934,0,6109
12UWF_19,20,130,4,0,234,44954,993,19201
14VNL_03,0,1929,0,0,0,38420,0,25187
14SNA_02,0,5677,1998,0,10071,45622,866,1302
11SKD_20,0,0,0,56320,0,0,0,9216
13QGB_07,79,0,2050,0,0,2021,50418,10968
13QDF_00,0,65536,0,0,0,0,0,0
13REM_03,0,11,237,21210,0,36487,0,7591
12UWF_26,0,2791,24,285,310,23296,38,38792
14VPJ_04,0,0,0,0,11,3,0,65522
12TUT_05,83,0,289,0,0,105,64940,119
18STF_12,0,148,595,0,0,15106,12693,36994
11SKD_16,0,0,3618,7537,2,4282,0,50097
10SGJ_06,0,0,31,0,0,0,116,65389
19VEC_05,0,3862,0,0,0,46327,0,15347
18UYD_06,0,3188,0,0,8,30573,0,31767
12UWF_10,0,0,0,0,907,46093,0,18536
18UUC_01,5,10687,9634,0,13,35757,0,9440
13QDF_09,0,0,94,958,0,41953,43,22488
11SKD_29,7,0,872,4929,284,41144,0,18300
18STF_24,0,324,3176,937,374,27979,14155,18591
18UYD_01,6,6165,0,10887,38,35577,0,12863
19VEC_02,0,0,0,0,0,65480,0,56
10SGJ_01,0,0,196,1024,0,0,0,64316
11SKD_11,0,0,1988,15776,0,0,0,47772
12UWF_28,0,73,6,2,98,42527,755,22075
18STF_23,0,279,794,0,6,38228,23510,2719
13QGB_09,3,6,34,15,0,19999,2453,43026
18UUC_06,0,36572,32,0,3,28040,0,889
12UWF_17,0,0,0,0,0,53503,47,11986
18STF_01,0,349,27692,0,21,19829,14893,2752
12TUT_16,0,261,813,7300,0,1119,0,56043
18UUC_24,0,91,608,479,18,43985,0,20355
14VPJ_17,0,1190,757,0,90,3138,0,60361
13QGB_14,10,0,3381,450,0,587,60135,973
10SGJ_23,0,0,47979,17557,0,0,0,0
13QDF_13,586,1387,258,4280,0,25755,10730,22540
13REM_10,0,0,7936,45734,0,1369,0,10497
19VEC_20,0,5684,0,0,0,59779,0,73
14VNL_10,0,1797,717,0,37,13169,0,49816
14SNA_11,4,14,3899,0,18,44498,5230,11873
18UYD_23,0,9851,0,0,0,5365,0,50320
14VPJ_28,2,3579,0,57,0,58729,0,3169
12TUT_29,0,0,99,0,471,61190,0,3776
18UUC_23,1,3357,806,21,0,51847,0,9504
14VPJ_10,0,901,1228,5294,2423,24069,0,31621
12TUT_11,4,6,0,5679,750,44177,0,14920
18STF_06,0,961,1058,0,115,27079,26034,10289
13REM_28,0,0,0,0,0,0,0,65536
19VEC_18,0,17513,0,0,0,26496,0,21527
14VNL_28,0,7556,0,0,129,2073,0,55778
14SNA_29,163,731,7436,1042,72,36097,15340,4655
14VNL_17,0,24543,457,0,150,3895,0,36491
14SNA_16,0,3,1815,0,25,9269,47601,6823
18UYD_24,0,20033,0,936,3937,5330,0,35300
19VEC_27,0,4769,0,0,0,56260,0,4507
10SGJ_24,346,0,21072,41639,0,52,6,2421
13QDF_14,181,0,63,2120,0,34046,25,29101
13REM_17,1,0,1480,39608,0,515,0,23932
13QGB_13,1,0,76,1196,0,46800,271,17192
12TUT_27,56,9,2,0,1215,43568,0,20686
14VPJ_26,0,1122,0,919,53,8450,0,54992
18UUC_15,1,7392,0,658,5,41882,0,15598
12UWF_04,0,0,0,0,0,65263,0,273
14VPJ_19,0,8705,445,0,0,41368,0,15018
12TUT_18,8,0,0,1644,0,55104,0,8780
13QDF_22,0,0,0,0,0,41699,9,23828
13REM_21,0,0,12898,2048,0,3250,21,47319
10SGJ_12,8,0,3959,1733,3,26225,30,33578
11SKD_02,1,0,0,62463,3072,0,0,0
13QGB_25,124,0,222,4,0,17547,7372,40267
14SNA_20,0,0,5058,310,103,14239,36458,9368
14VNL_21,0,3694,0,0,2,7696,0,54144
18UYD_12,0,14054,0,168,5,38595,0,12714
19VEC_11,0,10206,0,0,0,42062,0,13268
13REM_19,0,0,952,32664,0,60,0,31860
14SNA_18,0,335,1673,0,88,12941,36423,14076
14VNL_19,0,46576,9,0,9,5128,0,13814
19VEC_29,0,10053,0,0,0,54745,0,738
12UWF_03,0,7803,0,1393,4641,28026,249,23424
14VPJ_21,0,4729,310,0,259,21150,0,39088
18UUC_12,0,3367,0,0,2,55384,0,6783
12TUT_20,1,0,0,1827,10,62273,0,1425
19VEC_16,0,20122,0,0,8,4338,0,41068
14SNA_27,0,521,1482,0,69,29485,6650,27329
14VNL_26,0,560,0,0,149,6979,0,57848
18UYD_15,40,342,0,0,56,39834,0,25264
11SKD_05,0,0,808,0,0,50,64551,127
18STF_08,0,0,935,0,11,28464,5782,30344
13QGB_22,77,31350,10,4474,0,9300,112,20213
13QDF_25,0,0,0,0,0,43303,0,22233
13REM_26,0,0,0,0,0,0,0,65536
10SGJ_15,0,0,0,1253,0,2809,0,61474
12VWJ_28,0,0,23,0,52,20980,0,44481
18TWN_21,21,78,56,0,222,12376,38104,14679
17SLS_17,0,1160,214,0,196,40852,14598,8516
21UVU_06,7,10449,0,169,205,33804,0,20902
16SBE_08,0,0,78,0,127,6967,55908,2456
14TKL_09,0,0,190,0,0,626,64709,11
12TYL_08,2,0,16959,35607,0,1,0,12967
14QNG_20,264,0,12728,0,0,275,51321,948
17SLS_28,0,0,857,0,0,39016,17182,8481
16TGS_06,0,0,2,0,0,10141,1846,53547
12VWJ_17,25,841,10,769,46,51650,0,12195
11TNM_24,6,0,225,0,144,23746,40542,873
16TCM_29,4,0,140,0,5,239,64073,1075
15UWB_11,1,0,15,0,15,43400,0,22105
15UWB_29,0,2229,0,784,771,54002,0,7750
21UVU_01,0,415,7,0,0,8193,3,56918
14QNG_18,36,0,710,0,0,36690,15329,12771
17SLS_10,3,543,413,0,24,26651,27244,10658
18TWN_26,177,100,3631,0,14,36189,13019,12406
15UWB_16,0,213,6,0,80,23187,0,42050
12VWJ_10,0,0,15,0,0,52278,0,13243
18TWN_19,13,30,90,0,7,24989,32315,8092
11TNM_23,0,0,648,0,0,1216,62703,969
16TGS_01,37,516,56359,0,17,187,2557,5863
14QNG_27,20,25,7893,0,0,18772,31467,7359
18STJ_02,12,3349,35634,0,3935,1645,6038,14923
17SLS_26,0,2835,1308,0,4,36567,14746,10076
16TGS_08,0,58025,307,0,177,4036,0,2991
12VWJ_19,18,0,242,2049,0,63144,0,83
18TWN_10,11,439,328,0,62,22523,33202,8971
16SBE_06,0,0,5575,0,63,1507,1,58390
14TKL_07,4,16,140,0,0,91,64115,1170
12TYL_06,0,88,525,281,0,1422,160,63060
15UWB_20,1,168,0,7509,779,28038,0,29041
21UVU_08,6,0,0,0,0,28127,0,37403
14QNG_11,197,9,4536,0,0,6779,42007,12008
11TNM_15,0,0,0,0,0,527,62131,2878
12VWJ_26,12,856,28,358,41,57012,0,7229
15UWU_04,0,0,0,0,0,63838,0,1698
17SLS_19,8,2596,5677,0,293,38868,8483,9611
14QNG_29,60,0,30,0,0,65253,97,96
18TWN_17,8,118,38,0,161,32742,17798,14671
17SLS_21,3,2987,16263,0,1,29627,9177,7478
18STJ_05,0,237,5400,0,74,13050,258,46517
15UWB_18,1,7406,0,21,551,32325,0,25232
15UWU_03,0,638,0,0,12824,5426,0,46648
11TNM_12,27,0,424,0,0,20134,2738,42213
12VWJ_21,0,0,0,295,91,35181,0,29969
18TWN_28,19,142,138,0,112,19389,32443,13293
14QNG_16,34,0,3973,0,0,33877,10590,17062
15UWB_27,2,82,0,1734,754,28482,0,34482
16SBE_01,0,0,64018,0,0,600,513,405
14TKL_00,0,65536,0,0,0,0,0,0
12TYL_01,3,0,6206,59327,0,0,0,0
14VPJ_20,0,4289,620,0,2,9489,0,51136
18UUC_13,0,2054,31,0,0,52875,0,10576
12UWF_02,98,0,1289,14352,0,26244,2714,20839
12TUT_21,34,0,1,120,16,18198,0,47167
13REM_18,0,0,750,43574,0,632,0,20580
19VEC_28,0,3749,0,0,0,57992,0,3795
14SNA_19,0,2,5532,0,0,48356,1927,9719
14VNL_18,0,8838,8,0,738,20556,0,35396
18UYD_14,5,2085,0,4,1,53026,0,10415
14SNA_26,0,166,3759,0,29,29651,21984,9947
14VNL_27,0,50252,45,0,1,3358,0,11880
19VEC_17,0,3706,0,0,0,6446,0,55384
13REM_27,0,0,36,0,0,0,0,65500
13QDF_24,0,0,0,0,0,47678,0,17858
10SGJ_14,1,0,1213,48090,0,539,222,15471
11SKD_04,0,0,0,0,0,65013,0,523
13QGB_23,6,0,152,0,0,22850,42323,205
18STF_09,0,0,395,0,0,48312,3197,13632
12TUT_26,0,378,103,0,514,64464,2,75
12UWF_05,3,0,93,0,0,20,65286,134
14VPJ_27,0,1873,256,0,1,54270,0,9136
18UUC_14,1,0,0,7922,0,49298,0,8315
11SKD_03,0,37632,26765,187,50,11,0,891
13QGB_24,10,0,3169,0,0,25501,36787,69
13REM_20,0,0,2527,0,0,1805,0,61204
13QDF_23,0,0,21,294,0,59535,114,5572
10SGJ_13,24,19,3435,482,1,13464,30640,17471
19VEC_10,0,5328,0,0,0,10450,0,49758
18UYD_13,0,20161,0,50,21,40545,0,4759
14SNA_21,0,327,4561,0,8,32760,4066,23814
14VNL_20,0,3876,0,0,594,16975,0,44091
14VPJ_18,0,2811,517,0,155,5728,0,56325
12TUT_19,1,0,0,1808,0,30253,12,33462
13REM_29,0,0,1,1926,0,122,0,63487
18STF_07,0,65,211,0,0,18126,39467,7667
14VNL_29,0,2344,3,0,0,759,0,62430
14SNA_28,8,50,1751,0,48,31770,22061,9848
19VEC_19,0,4246,0,0,0,55844,0,5446
18UUC_22,1,5993,4,224,4,52493,0,6817
14VPJ_11,0,2959,145,0,7,42500,0,19925
12TUT_10,13,0,0,1431,0,44813,0,19279
19VEC_26,0,1752,0,0,0,55167,0,8617
18UYD_25,0,5774,0,0,0,48313,0,11449
14VNL_16,0,22674,276,0,86,27821,0,14679
14SNA_17,0,190,1984,0,295,48262,4083,10722
13QGB_12,0,0,4,1257,0,7178,682,56415
10SGJ_25,0,0,45785,5852,0,119,137,13643
13REM_16,0,0,3839,29504,0,1462,0,30731
13QDF_15,0,0,182,2172,0,49532,7870,5780
12TUT_17,0,0,0,11565,0,0,26997,26974
18UUC_25,4,264,989,744,1,50924,0,12610
14VPJ_16,0,15806,628,0,40,3556,0,45506
18STF_00,0,61555,206,0,67,2653,68,987
14VPJ_29,1,2289,0,0,22,55057,0,8167
12TUT_28,1,668,107,0,1107,56051,0,7602
10SGJ_22,129,0,13840,9954,0,277,40203,1133
13REM_11,0,0,6762,29189,0,2551,0,27034
13QDF_12,0,0,0,0,0,63005,1,2530
13QGB_15,10,29,243,2150,0,36896,24623,1585
18UYD_22,4,20595,0,0,170,27891,0,16876
14VNL_11,0,13634,481,0,316,12103,0,39002
14SNA_10,0,54,2307,0,297,22891,34987,5000
19VEC_21,0,25156,0,0,0,37759,0,2621
18STJ_04,12,0,1188,0,2,1076,59289,3969
15UWB_19,19,0,0,1191,0,45834,0,18492
14QNG_28,0,0,189,0,0,10713,54529,105
17SLS_20,0,669,1177,0,0,37501,20060,6129
18TWN_16,0,602,0,0,13,58414,2232,4275
15UWB_26,2,28,47,1,44,42306,2,23106
14TKL_01,0,1679,37916,461,86,2430,10586,12378
16SBE_00,8,50767,779,494,1253,4734,6704,797
12TYL_00,2,17142,7364,0,0,31217,9457,354
11TNM_13,0,0,0,0,0,26817,36365,2354
18TWN_29,26,941,11,0,228,51105,3214,10011
12VWJ_20,0,0,0,1964,15,40977,0,22580
15UWU_02,0,81,193,0,10,18804,0,46448
14QNG_17,3,0,6,0,0,60551,2433,2543
18TWN_11,1,846,71,0,0,27257,26490,10871
12VWJ_18,21,210,0,3206,17,52866,605,8611
17SLS_27,0,225,2554,0,1,42287,11573,8896
16TGS_09,12,4129,0,0,21,51666,570,9138
18STJ_03,0,0,0,0,0,65438,0,98
21UVU_09,20,12668,0,198,7,22053,0,30590
14QNG_10,0,0,0,0,0,64523,900,113
17SLS_18,11,234,1088,0,27,35362,12075,16739
15UWU_05,0,2744,0,0,73,0,0,62719
11TNM_14,0,0,175,0,0,1689,61834,1838
12VWJ_27,0,46,159,0,161,56677,0,8493
14TKL_06,20,0,151,2431,0,283,31,62620
16SBE_07,2,0,314,0,39,491,64145,545
12TYL_07,2,92,2300,20585,0,4588,7653,30316
15UWB_21,0,800,4,18,119,46603,0,17992
21UVU_00,0,65295,0,0,0,148,0,93
14QNG_19,200,0,1003,0,0,47,59487,4799
18TWN_27,2,46,0,0,0,33889,15027,16572
17SLS_11,0,90,195,0,0,55240,5248,4763
16TCM_10,9,0,1231,0,0,156,62961,1179
15UWB_28,0,140,33,655,403,25733,0,38572
16TGS_00,0,65536,0,0,0,0,0,0
18TWN_18,5,14,501,0,108,47511,9865,7532
12VWJ_11,16,0,27,0,0,62804,0,2689
11TNM_22,0,0,0,0,0,65536,0,0
14QNG_26,0,0,0,0,0,65374,105,57
15UWB_17,3,2265,0,0,28,45278,0,17962
14TKL_08,2,0,268,609,0,2199,40,62418
16SBE_09,1,0,0,0,0,596,64899,40
12TYL_09,0,0,92,11715,0,27359,224,26146
17SLS_16,5,142,171,0,35,47881,5729,11573
18TWN_20,119,806,3045,0,1,31116,6065,24384
12VWJ_29,0,4717,0,0,202,30755,0,29862
21UVU_07,0,2933,0,0,34,52678,0,9891
15UWB_10,0,1251,113,56,47,35795,0,28274
14QNG_21,443,58,4377,0,0,24840,28002,7816
12VWJ_16,0,0,0,0,53,31274,0,34209
11TNM_25,16,0,113,0,106,64617,81,603
17SLS_29,0,1066,80,0,30,48526,4573,11261
16TGS_07,0,160,2,0,0,52645,98,12631
18TXP_28,0,0,0,0,42,64996,0,498
14TNS_18,1,1651,108,230,0,2292,56747,4507
14SND_29,490,115,1968,0,0,2150,47061,13752
11SPU_27,0,0,2933,56219,0,118,0,6266
13SFR_00,48,58919,2673,2228,312,1071,0,285
14SPB_11,300,68,47766,0,4,3980,7933,5485
12TVR_01,0,0,63342,2035,0,0,20,139
15TYJ_03,2,3616,0,0,11161,16701,20,34036
12SYE_28,672,0,11072,51681,0,0,39,2072
11SPU_18,0,0,2,40803,0,0,0,24731
14SND_16,1,257,495,0,0,14036,10750,39997
14QKH_02,2,0,49,0,0,5,45125,20355
17SMU_01,121,0,51750,0,4,3757,2693,7211
18TXP_17,4,208,189,0,72,45129,5634,14300
14TNS_27,0,0,1079,0,0,0,64457,0
12SYE_17,894,0,26852,36766,0,0,0,1024
15UYP_23,0,130,0,0,0,60949,403,4054
14QMJ_12,118,0,1020,0,0,35869,2465,26064
12TVR_06,0,0,337,0,0,75,415,64709
15TYJ_04,0,0,0,0,0,65460,75,1
11ULB_09,872,0,288,0,61,6138,48545,9632
13SFR_07,3,0,3189,1024,0,16,0,61304
14SPB_16,0,51,6859,0,0,7973,39408,11245
11SPU_20,0,0,1,14840,0,0,0,50695
14SPB_29,2,1410,5448,960,168,7421,44737,5390
14QMJ_15,1,70,179,0,0,24834,40171,281
12SYE_10,0,10,59,232,0,58722,882,5631
15UYP_24,0,19889,0,0,97,39368,77,6105
18TXP_10,2,11,1130,0,0,677,62038,1678
14TNS_20,7,310,457,0,0,1512,62574,676
14QKH_05,176,0,45,0,0,1924,758,62633
17SMU_06,0,11,662,0,0,37875,14001,12987
14SND_11,0,1928,329,0,0,2006,51534,9739
14SPB_20,4,0,51504,288,0,5786,2718,5236
12SYE_19,2191,0,25304,36545,0,151,0,1345
18TXP_19,8,16,784,0,0,7001,48330,9397
14TNS_29,0,9594,860,0,0,0,55071,11
11SPU_16,0,0,0,65536,0,0,0,0
14SND_18,21,709,997,0,0,6870,42577,14362
14ULE_05,0,0,0,0,0,0,65523,13
15UYP_12,2,294,369,0,1,60697,369,3804
12SYE_26,1,0,0,65535,0,0,0,0
11ULB_00,0,65536,0,0,0,0,0,0
14QMJ_23,14,1570,2733,0,0,6427,54008,784
14SND_27,1796,0,8418,0,804,4033,17241,33244
11SPU_29,0,0,0,63488,0,0,0,2048
18TXP_26,0,123,0,0,88,62195,81,3049
14TNS_16,0,380,199,0,0,881,57802,6274
11SPU_11,4,0,12878,52196,0,0,0,458
17SMU_08,0,117,234,0,0,50297,7342,7546
14SPB_27,0,16,63372,0,0,310,262,1576
18TXP_21,18,649,4559,0,3,22230,23199,14878
14TNS_11,2,0,95,0,0,3833,45212,16394
14SND_20,82,11384,5978,0,0,6616,8580,32896
11ULB_07,75,2059,0,0,346,39342,6,23708
14QMJ_24,473,166,1492,7,0,28327,21136,13935
13SFR_09,154,0,941,3033,0,0,0,61408
14SPB_18,13,14455,24358,80,19,17551,6422,2638
15UYP_15,0,808,0,0,0,59260,41,5427
12SYE_21,0,0,4416,908,0,44212,0,16000
12TVR_08,2,0,2568,45635,0,1160,0,16171
14ULE_02,0,19637,86,0,0,169,141,45503
17TPL_02,89,327,1647,1422,28,52643,4831,4549
12VXH_20,0,64,1,0,160,51160,0,14151
11UMQ_13,2,183,29,0,121,61119,31,4051
19TDK_05,2,1,132,0,0,15213,39288,10900
16PGV_04,0,0,762,0,0,210,0,64564
13QEC_22,0,107,0,0,0,40553,7456,17420
13SBS_09,537,0,19943,5120,0,0,0,39936
10UCC_03,0,0,0,0,65536,0,0,0
15SVR_00,0,65536,0,0,0,0,0,0
15UWS_15,0,3793,14,0,756,52773,0,8200
16PGV_03,0,0,0,0,0,3542,0,61994
13QEC_25,0,0,0,0,0,64276,746,514
19TDK_02,0,5403,3313,0,3,25679,7331,23807
11UMQ_14,567,18,0,744,21831,27331,0,15045
17TPL_05,3,524,812,0,51,13229,46716,4201
15UWS_12,0,7997,0,0,257,52989,0,4293
15SVR_07,2,161,5782,9,0,19593,34110,5879
10UCC_04,0,0,0,0,0,65536,0,0
12VXH_18,0,0,75,0,51,42390,0,23020
13QEC_13,5,0,30,455,0,19902,15617,29527
12VXH_11,0,4186,0,0,303,41958,0,19089
11UMQ_22,148,0,0,757,1,52803,7,11820
15UWS_24,0,7375,0,0,1626,26597,0,29938
13SBS_07,0,0,0,0,0,0,0,65536
11UMQ_25,253,0,0,0,10,48373,6223,10677
13QEC_14,0,0,0,7,0,63262,166,2101
15SVR_09,1,1788,2384,14348,4,25531,9215,12265
13SBS_00,4,60257,0,919,0,0,0,4356
15UWS_23,0,877,5,0,139,55121,0,9394
14SPB_26,4,15,50565,0,53,2262,2951,9686
11SPU_10,11,0,505,15801,0,79,0,49140
17SMU_09,0,0,108,0,0,49306,6096,10026
13SFR_08,830,0,36936,2799,0,117,0,24854
14SPB_19,0,326,3712,28,0,18027,20551,22892
11ULB_06,0,0,0,0,0,6963,3667,54906
14QMJ_25,0,0,0,0,0,63309,0,2227
14ULE_03,0,33,0,18743,11543,0,0,35217
12TVR_09,0,0,33,63455,0,0,0,2048
15UYP_14,0,50409,70,0,0,7756,19,7282
12SYE_20,584,0,5560,59315,0,0,0,77
14TNS_10,0,9029,1940,4,9,1780,49531,3243
18TXP_20,23,211,7385,0,23,26962,8672,22260
14SND_21,1,319,521,0,0,9631,4195,50869
14TNS_28,0,0,579,0,0,0,64603,354
18TXP_18,7,0,1728,0,92,27088,19359,17262
11SPU_17,0,0,2,35797,0,0,0,29737
14SND_19,50,555,1391,0,0,18584,23076,21880
14SPB_21,12,0,19873,0,0,40924,2865,1862
12SYE_18,1285,0,24316,39043,0,0,0,892
14SND_26,896,34,10993,0,0,15003,19664,18946
11SPU_28,0,0,1024,58369,0,0,0,6143
14TNS_17,0,2371,28,0,0,1285,61672,180
18TXP_27,2,23860,0,0,366,40157,11,1140
15UYP_13,0,3,0,0,0,63824,0,1709
12SYE_27,691,0,34039,19446,0,1077,0,10283
14ULE_04,0,0,0,0,0,64550,0,986
11ULB_01,208,0,55095,0,532,0,6453,3248
14QMJ_22,311,0,1188,483,0,39243,3115,21196
11SPU_21,0,0,0,3093,0,0,0,62443
15TYJ_05,0,0,350,0,0,66,64768,352
12TVR_07,8,4,21,85,0,44444,295,20679
13SFR_06,94,39,8852,1710,1,365,306,54169
14SPB_17,0,121,5414,1733,0,6957,36926,14385
11ULB_08,86,0,19,0,10,8904,46452,10065
14QKH_04,0,0,0,0,0,0,65536,0
17SMU_07,0,5,12216,0,0,29810,9017,14488
14TNS_21,0,1859,62,0,0,419,58205,4991
18TXP_11,0,0,7,0,0,61476,452,3601
14SND_10,10,23,301,20,0,999,52105,12078
14QMJ_14,6,0,27,0,0,41501,14207,9795
14SPB_28,4,46,46802,0,2,15514,1640,1528
12SYE_11,0,0,203,1425,0,43270,1,20637
15UYP_25,0,861,2659,0,20,43702,10370,7924
13SFR_01,0,0,31744,27648,0,0,0,6144
14SPB_10,23,267,3609,0,117,12569,36216,12735
12SYE_29,0,0,4364,2932,0,45635,7,12598
15TYJ_02,0,0,384,0,60,10431,44139,10522
12TVR_00,0,65536,0,0,0,0,0,0
14TNS_19,0,0,715,0,0,1958,61936,927
18TXP_29,0,0,10,0,14,60515,478,4519
14SND_28,453,272,1067,0,0,9007,21928,32809
11SPU_26,0,0,748,64788,0,0,0,0
12SYE_16,0,9,3,0,0,37698,0,27826
15UYP_22,0,19,38,0,0,60583,76,4820
14QMJ_13,59,7,277,0,0,44353,417,20423
11SPU_19,0,0,1,12295,0,0,0,53240
14SND_17,8,366,191,0,0,1968,48611,14392
14TNS_26,0,0,1560,0,0,0,63976,0
18TXP_16,7,1,3,0,0,58323,1312,5890
14QKH_03,0,0,0,0,0,65526,10,0
17SMU_00,0,65113,216,0,0,146,44,17
15SVR_08,0,33,96,0,0,57863,1271,6273
13QEC_15,82,4,211,0,0,33817,10326,21096
11UMQ_24,211,0,43,439,1657,47226,0,15960
15UWS_22,3,14456,0,0,359,45918,0,4800
13SBS_01,0,0,0,17408,0,0,0,48128
11UMQ_23,140,2,0,339,22,62256,0,2777
13QEC_12,63,0,3,1845,0,50123,489,13013
13SBS_06,0,0,0,8,0,0,0,65528
15UWS_25,3,10727,7,0,2370,48617,0,3812
11UMQ_15,2,0,0,56,2,63152,0,2324
19TDK_03,0,9707,6,283,2,33742,1942,19854
17TPL_04,0,58,0,0,5,64973,105,395
16PGV_02,0,62,0,0,0,65423,0,51
13QEC_24,8,0,0,0,0,47943,1326,16259
10UCC_05,216,1531,1737,1183,3,2977,0,57889
15SVR_06,128,619,25958,0,40,5579,4335,28877
15UWS_13,0,2957,0,0,1168,42995,0,18416
13SBS_08,4,784,2901,3335,0,0,25246,33266
16PGV_05,0,0,94,0,0,17098,0,48344
13QEC_23,0,0,0,0,0,61404,305,3827
17TPL_03,0,31595,99,0,20,27587,5174,1061
12VXH_21,0,2230,0,6,264,25212,106,37718
19TDK_04,0,0,0,0,0,53013,169,12354
11UMQ_12,52,156,0,0,0,47743,0,17585
15UWS_14,0,11964,0,0,3212,21299,0,29061
15SVR_01,864,1252,43425,0,88,4056,7381,8470
10UCC_02,0,2895,0,389,684,1271,0,60297
