identifier,test,JS_div,No Data,Water,Artificial Bareground,Natural Bareground,Permanent Snow/Ice,Woody Vegetation,Cultivated Vegetation,(Semi) Natural Vegetation
19HGA_29,False,0.7049320014357696,0,0,0,0,0,0,65536,0
19PEK_02,False,0.6005471353574308,661,0,0,0,0,19849,361,44665
18GXU_01,True,0.3961365141815027,502,9234,27056,0,263,5771,10698,12012
21LYD_17,False,0.6124547021988241,2,0,37,0,0,17386,47534,577
19LCK_00,True,0.5319930257525459,351,10825,4,432,0,35310,0,18614
19HGA_16,False,0.7025602533020918,1,0,77,0,0,0,65458,0
19KHV_05,False,0.619552061079705,45,1213,281,1024,0,976,60604,1393
21LYD_28,False,0.6043243772686318,0,595,345,0,0,12211,51965,420
21KVS_01,True,0.45414633082513495,16,0,1703,7338,0,9638,25678,21163
21LYD_10,True,0.5063306616950481,425,316,1423,0,0,33375,10137,19860
18GXU_06,False,0.626960421904713,0,0,32,0,0,11261,418,53825
19PEK_05,False,0.6737524653032969,0,0,0,0,0,2200,101,63235
21KVS_06,False,0.5961521602180494,0,0,63,344,0,50183,1689,13257
19KHV_02,False,0.6616562548018666,0,0,1086,63042,0,4,1119,285
19HGA_11,False,0.6513511120963715,0,0,272,0,79,1824,62191,1170
21NTF_08,False,0.6782931689559876,2,239,328,0,0,64253,0,714
19LCK_07,False,0.6847217232276793,0,0,0,0,0,64212,0,1324
21LYD_26,False,0.6297978019366661,9,0,123,0,0,6349,57936,1119
21MXR_02,False,0.7049320014357696,0,0,0,0,0,65536,0,0
19HGA_18,False,0.5758958682088025,0,0,15,4567,0,0,42036,18918
21NTF_01,False,0.567125378545659,12,4,2973,0,497,31239,0,30811
20JPQ_03,True,0.5283553336940161,60,0,0,1024,0,34415,11465,18572
21LYD_19,False,0.6146022078589808,0,0,0,0,0,21883,43396,257
21LXK_05,False,0.6946506972473862,0,505,0,0,0,65029,0,2
19HGA_27,False,0.5755415572160332,112,0,30,0,0,31940,2876,30578
21NTF_06,False,0.6883840796547214,0,0,144,0,0,64715,0,677
19LCK_09,False,0.6743078719896249,0,0,0,0,0,63020,0,2516
21MXR_05,False,0.5710700207531907,0,0,438,0,0,16002,4332,44764
21KVS_08,True,0.505978146911992,23,997,917,46,0,13613,33678,16262
21LYD_21,True,0.5506223783460561,0,0,6,0,0,35908,13208,16414
19HGA_20,False,0.7049320014357696,0,0,0,0,0,0,65536,0
21LXK_02,False,0.7049320014357696,0,0,0,0,0,65536,0,0
18GXU_08,False,0.6106851338668603,0,55479,0,51,104,7359,4,2539
20JPQ_04,False,0.7049320014357696,0,0,0,0,0,0,65536,0
22NCK_11,False,0.7049320014357696,0,0,0,0,0,65536,0,0
20LKP_01,False,0.5843916391854077,4,0,47429,0,0,4731,0,13372
20LRK_06,False,0.5871136460107232,0,0,300,0,0,24899,38879,1458
19GGM_03,False,0.5890269387524273,0,0,732,35294,0,0,611,28899
18HYF_04,False,0.6963660591408657,0,0,1,0,0,65164,350,21
19PDL_23,True,0.5093122129757055,708,625,651,0,0,33737,8773,21042
19KFA_08,False,0.561013119460404,890,0,2132,27305,0,39,34945,225
22LBN_09,False,0.702459270044175,0,0,0,0,0,65460,64,12
22NCK_16,False,0.6965858663012077,0,0,0,0,0,65160,7,369
19PDL_24,True,0.5238208943856028,1098,37,2918,78,0,29676,1877,29852
22NCK_29,False,0.6977071221121053,0,0,0,0,0,65222,4,310
18HYF_03,True,0.4477602144479825,12,29456,25,10968,32,17088,4029,3926
19GGM_04,False,0.6192443326003723,0,0,0,40958,0,2,0,24576
20LKP_06,True,0.5417655969250155,0,0,238,0,0,32075,11619,21604
20LRK_01,True,0.5147880461656499,0,0,27518,0,0,5842,27890,4286
22NCK_20,False,0.7049320014357696,0,0,0,0,0,65536,0,0
20LRK_08,False,0.629227868752202,0,21,23,0,0,5055,58462,1975
19PDL_12,True,0.5276010668295325,68,7,1907,0,0,26574,6475,30505
19KFA_01,False,0.5746790138372352,167,42486,828,20432,0,0,3,1620
19NHC_04,False,0.7048324227854741,0,0,0,0,0,65534,0,2
22LBN_00,True,0.5251213313761133,0,26581,0,0,0,30710,4132,4113
20LKP_08,True,0.5513177100468661,0,0,123,0,0,21175,35098,9140
22NCK_27,False,0.7049320014357696,0,0,0,0,0,65536,0,0
19NHC_03,False,0.7023216956873033,0,0,0,0,0,65447,0,89
22LBN_07,False,0.6912283336427927,0,93,0,0,0,64990,298,155
22NCK_18,False,0.7049320014357696,0,0,0,0,0,65536,0,0
19KFA_06,False,0.6811212497028849,0,75,1049,0,0,64,70,64278
19PDL_15,False,0.6272455879440086,4,234,175,0,0,58389,929,5805
21MXR_04,False,0.7024910632200765,0,0,0,0,0,65454,0,82
21LYD_20,True,0.5327624386047731,0,24,823,0,0,11027,34158,19504
21KVS_09,True,0.48623025695615896,10,521,672,3087,0,14705,36372,10169
21NTF_07,False,0.6387551460724508,14,51,81,0,0,56304,0,9086
19LCK_08,False,0.6787592286321925,0,0,0,0,0,63576,0,1960
20JPQ_05,False,0.7023124003737752,9,0,0,0,0,74,0,65453
19HGA_21,False,0.7049320014357696,0,0,0,0,0,0,65536,0
18GXU_09,False,0.6675314058137817,0,63390,141,0,15,604,0,1386
21LXK_03,True,0.5473470403821536,0,10,429,35,0,16104,39538,9420
19HGA_19,False,0.6171573821730147,0,0,0,0,0,163,44032,21341
21NTF_00,False,0.6001582035070715,36,28224,9,0,0,36492,0,775
21LYD_27,False,0.6375362371322957,0,0,105,0,0,9391,55979,61
21MXR_03,False,0.6181441193871113,0,0,144,0,0,179,16651,48562
21LXK_04,False,0.6016168507137432,0,0,693,45,0,6,37686,27106
19HGA_26,True,0.5307800890293229,861,0,634,0,0,7211,38063,18767
20JPQ_02,False,0.6553077860236677,164,2743,0,4,0,632,0,61993
21LYD_18,False,0.5654319101704859,0,0,55,0,0,19531,39706,6244
18GXU_07,True,0.5092433891976287,3,41116,57,19,58,8526,8386,7371
19PEK_04,False,0.6671200943561104,2,0,102,0,0,1252,63338,842
21LYD_11,True,0.533978453997205,0,0,212,0,0,25665,22522,17137
19HGA_10,False,0.620506181888314,9,0,11,6143,0,0,56874,2499
21NTF_09,False,0.6954759892704419,0,0,16,148,0,65179,0,193
19LCK_06,False,0.6853999523803656,0,0,0,0,0,64277,0,1259
19KHV_03,False,0.6439820783574459,0,0,132,57831,3,19,0,7551
21KVS_07,True,0.4651179554675153,4,10682,368,430,0,29808,17132,7112
21LYD_16,False,0.6071915956776294,0,0,0,0,0,53569,9005,2962
19PEK_03,False,0.6815453776191086,8,243,21,0,0,64350,25,889
19HGA_28,False,0.6418307581040741,110,0,31,0,0,0,57133,8262
18GXU_00,False,0.7049320014357696,0,65536,0,0,0,0,0,0
21KVS_00,False,0.6019088224336948,0,28575,0,0,0,36305,555,101
21LYD_29,True,0.525269219845855,194,284,1023,0,0,38834,15775,9426
19KHV_04,False,0.5651609732200947,0,0,15,43136,0,9910,0,12475
19LCK_01,True,0.4697118341573832,255,5582,6131,1431,0,23576,4,28557
19HGA_17,False,0.6474312285854007,3,4,145,1024,0,0,61201,3159
20LKP_09,True,0.5346490752535392,0,49,791,0,0,8736,29519,26441
22NCK_26,False,0.639788926416567,0,0,0,0,0,55015,0,10521
19KFA_07,True,0.5418423681262828,2417,303,5609,32,8,3627,51824,1716
19PDL_14,False,0.6423799509323129,1,20,189,0,0,782,60304,4240
19NHC_02,False,0.692402373217866,0,0,0,0,0,670,0,64866
22NCK_19,False,0.7049320014357696,0,0,0,0,0,65536,0,0
22LBN_06,False,0.7038201111727153,0,0,0,0,0,65507,7,22
22NCK_21,False,0.7049320014357696,0,0,0,0,0,65536,0,0
20LRK_09,False,0.5614674476209276,0,0,183,0,0,18321,40363,6669
19NHC_05,False,0.7030194878012712,0,0,0,0,0,65475,0,61
22LBN_01,False,0.6071305459614579,101,2,6392,0,0,663,56370,2008
19PDL_13,False,0.5631853998152119,31,0,1220,0,0,39154,2477,22654
19KFA_00,False,0.7049320014357696,0,65536,0,0,0,0,0,0
22NCK_17,False,0.7049320014357696,0,0,0,0,0,65536,0,0
22LBN_08,False,0.7046308798285342,0,0,0,0,0,65529,7,0
19KFA_09,False,0.5946045198984661,43,241,10546,0,39,670,1219,52778
19GGM_05,False,0.666729174295018,0,108,181,0,0,416,63421,1410
22NCK_28,False,0.6474775044045535,0,24,0,0,0,58474,79,6959
18HYF_02,True,0.4824005736215723,2,5112,127,667,0,8166,19310,32152
20LRK_00,False,0.5598421785777699,0,12559,37,0,0,5366,46454,1120
20LKP_07,False,0.7049320014357696,0,0,0,0,0,65536,0,0
19PDL_25,False,0.6701919855696676,18,0,223,0,0,63348,112,1835
22NCK_10,False,0.7049320014357696,0,0,0,0,0,65536,0,0
19PDL_22,False,0.5717437163877345,91,0,3575,4,0,1895,51590,8381
20LRK_07,False,0.6035247393896415,0,0,0,0,0,53877,7018,4641
20LKP_00,False,0.605858459647661,0,55103,118,0,0,4358,0,5957
18HYF_05,False,0.6888261924882945,1,0,262,0,0,221,64885,167
19GGM_02,False,0.6269443101301131,4,0,0,48582,0,0,0,16950
19GCN_25,False,0.6981807100488228,0,0,2,0,0,288,0,65246
21NTD_20,False,0.7026136366486739,2,0,0,0,0,65461,0,73
19MFU_27,False,0.7041849783296978,20,0,0,0,0,65516,0,0
19MHM_07,False,0.6756466884221357,0,0,0,0,0,63195,0,2341
23MKQ_13,False,0.6056813868380374,0,0,111,0,0,11979,51678,1768
20KRF_29,False,0.6197446531612316,0,102,101,0,0,499,11488,53346
17NRB_03,False,0.7049320014357696,0,0,0,0,0,65536,0,0
20KRF_16,False,0.6854641667293601,0,0,0,0,0,64322,14,1200
20KQV_12,True,0.5294186072153143,0,27,1159,0,0,25595,29699,9056
23LMJ_04,False,0.6167764315950196,0,44,190,0,0,37,18368,46897
19MFU_18,False,0.7049320014357696,0,0,0,0,0,65536,0,0
23MKQ_14,True,0.550890808162932,18,0,756,0,0,5319,23615,35828
21LUE_08,False,0.6318901924090998,0,0,0,0,0,14085,0,51451
19MFU_20,False,0.7049320014357696,0,0,0,0,0,65536,0,0
19MHM_00,False,0.5678818016015402,0,18604,0,0,0,40509,0,6423
19GCN_22,False,0.6230215488302433,41,0,681,0,4,9878,87,54845
21NTD_27,False,0.6396068415135961,0,806,0,2840,0,958,0,60932
23LMJ_03,False,0.7021552498186193,0,0,96,0,0,0,65440,0
20KRF_11,False,0.7040977988713146,0,0,0,0,0,65515,4,17
20KQV_15,True,0.5381173714033293,0,213,1721,0,0,7923,43964,11715
21NTD_18,False,0.7045400688425231,8,0,0,0,0,65527,0,1
17NRB_04,False,0.7045936329222715,8,0,0,0,0,65528,0,0
19MFU_16,False,0.7047478352372853,4,0,0,0,0,65532,0,0
20KRF_18,False,0.6030936291180311,0,7,0,0,0,42350,927,22252
23MKQ_22,True,0.555075684029891,0,0,315,0,0,7100,38398,19723
20JQL_03,False,0.5972350904033642,25,0,0,0,0,29670,1024,34817
21NTD_11,False,0.7049320014357696,0,0,0,0,0,65536,0,0
19GCN_14,False,0.643337473449273,0,0,81,57080,1,0,0,8374
20KQV_23,False,0.5716976622720794,0,0,445,0,0,23336,38792,2963
20KRF_27,False,0.627667082800015,0,0,0,0,0,49229,10,16297
19MFU_29,False,0.7049320014357696,0,0,0,0,0,65536,0,0
19MHM_09,False,0.6854527565227185,0,0,0,0,0,64282,0,1254
21LUE_01,False,0.613545517390853,0,0,56649,0,0,761,6677,1449
21NTD_16,False,0.7047478352372853,4,0,0,0,0,65532,0,0
19GCN_13,False,0.5734384008133803,0,12364,38,0,0,5853,203,47078
20JQL_04,False,0.7045210913138508,0,0,0,0,0,0,65526,10
23MKQ_25,True,0.5317012040028105,52,15,352,0,0,15783,30848,18486
19MFU_11,False,0.7049320014357696,0,0,0,0,0,65536,0,0
21NTD_29,False,0.686104533708962,0,0,0,0,0,64343,0,1193
21LUE_06,False,0.6228696434309846,0,0,47,0,0,18872,0,46617
20KQV_24,True,0.5211123286266076,0,19,967,0,0,15620,21675,27255
20KRF_20,False,0.6058931459345959,0,0,13,0,0,17838,1067,46618
19HFT_14,False,0.6850523575054585,0,0,315,677,0,0,0,64544
20PMR_13,True,0.5259090525633823,0,1057,48,0,0,12006,32669,19756
24MYT_08,True,0.5302004537346156,89,806,7978,209,0,3670,4107,48677
22KEU_04,False,0.6665970335923516,4,0,0,0,0,1106,1280,63146
18HYD_14,False,0.6489740594755131,0,0,0,3375,0,61123,66,972
20KKU_13,False,0.6995888078284906,0,0,8,0,0,65359,72,97
24MYS_20,False,0.588893623159221,0,0,0,0,0,21665,41511,2360
23LKC_09,True,0.5282770247838011,0,0,3930,0,0,28855,28976,3775
22KEU_03,False,0.6518581926296392,0,109,341,13,0,690,62222,2161
21JTK_08,False,0.5882582719131781,0,19,1184,453,0,19383,91,44406
24MYS_18,False,0.6363911586719744,16,0,36,0,0,4,54504,10976
20PMR_14,True,0.502121592402705,0,0,1455,6880,0,2755,38500,15946
19HFT_13,False,0.6941466891530742,0,0,292,34,0,99,0,65111
24MYS_27,False,0.6640637443270865,26,0,144,0,0,1668,620,63078
20KKU_14,False,0.6149006768555245,4,32,112,23766,0,0,0,41622
18HYD_13,True,0.4977059081915394,4,731,1373,2,0,16706,25328,21392
19HFT_25,False,0.7049320014357696,0,0,0,0,0,0,0,65536
20PMR_22,True,0.521562343743237,0,2896,90,0,0,32441,24194,5915
20KKU_22,False,0.6029676914036451,45,0,0,44288,0,982,0,20221
23LKC_00,True,0.47631808852290486,0,38001,1810,0,0,8957,9297,7471
21JTK_01,False,0.6966164284403982,0,0,65218,0,0,0,198,120
24MYS_11,False,0.5795946007866317,4,3352,876,0,0,3268,55656,2380
24MYT_06,False,0.6237577999648244,0,715,335,0,0,8152,9,56325
18HYD_25,False,0.577015074156457,222,47,36778,0,0,1981,26394,114
20PMR_25,True,0.5571250505695555,0,0,467,136,0,30250,30672,4011
19HFT_22,False,0.7044162295817585,0,0,13,0,0,0,0,65523
24MYS_29,False,0.6838250775777535,0,0,100,0,0,1132,0,64304
18HYD_22,True,0.5070235309361959,10,2295,189,1878,0,11035,6501,43628
24MYT_01,False,0.5620568912626087,336,98,43488,0,0,3282,465,17867
21JTK_06,False,0.6305438993220771,0,0,73,0,0,13477,1,51985
24MYS_16,False,0.6901982466301152,0,0,47,0,0,595,64843,51
23LKC_07,False,0.5973199776986959,0,0,103,0,0,6313,53359,5761
20KKU_25,True,0.47293567302911665,0,0,1424,2196,479,13178,17157,31102
23MKQ_24,False,0.5680387418401049,0,0,493,0,0,12031,46769,6243
20JQL_05,False,0.5726671008470122,15,0,145,0,0,3241,31983,30152
19MFU_10,False,0.7049320014357696,0,0,0,0,0,65536,0,0
21NTD_17,False,0.6088712892529737,0,567,0,0,0,22045,0,42924
19GCN_12,False,0.6134077407102672,1,0,109,34737,0,0,0,30689
21LUE_07,False,0.566952674007012,0,0,1656,0,0,1736,22102,40042
20KQV_25,True,0.5145343173427269,0,161,1164,0,0,16110,28754,19347
20KRF_21,False,0.6977366814989098,0,0,0,0,0,65225,5,306
21NTD_28,False,0.7045570619597078,0,9,0,0,0,65527,0,0
21NTD_10,False,0.7049320014357696,0,0,0,0,0,65536,0,0
19GCN_15,False,0.5899255036294432,405,97,0,14715,48767,123,0,1429
19MFU_17,False,0.6950988461662279,0,482,0,0,0,65054,0,0
20JQL_02,True,0.5060383505600429,175,923,490,24024,0,12231,45,27648
20KRF_19,False,0.6680176462549772,0,0,0,0,0,62860,319,2357
23MKQ_23,False,0.6916680647692132,60,0,153,0,0,46,65039,238
20KQV_22,False,0.6027902883015424,0,26,60,0,0,50743,1909,12798
20KRF_26,False,0.6567520978112753,0,0,0,0,0,60541,105,4890
21LUE_00,True,0.5356009834197286,0,4283,664,0,0,30753,28782,1054
19MFU_28,False,0.7049320014357696,0,0,0,0,0,65536,0,0
19MHM_08,False,0.6590912295515612,0,0,0,0,0,60473,0,5063
19GCN_23,False,0.6151721092529949,4,0,42,0,0,30493,0,34997
21NTD_26,False,0.7049320014357696,0,0,0,0,0,65536,0,0
23MKQ_15,False,0.5724883981780658,0,0,120,0,0,3838,37881,23697
19MFU_21,False,0.7049320014357696,0,0,0,0,0,65536,0,0
19MHM_01,True,0.5167065701663016,1352,27038,0,0,0,15978,0,21168
21LUE_09,False,0.7048784629954079,0,0,1,0,0,0,0,65535
17NRB_05,False,0.6904877257575439,0,0,452,15,0,31,64918,120
21NTD_19,False,0.5981083157981142,0,1160,0,1,0,25528,0,38847
20KRF_10,False,0.6884579449995039,0,0,0,0,0,64665,73,798
20KQV_14,True,0.5231375860850774,0,42,1843,0,0,24120,31096,8435
23LMJ_02,False,0.6978598158135276,0,0,237,0,0,65259,40,0
19MFU_26,False,0.7049320014357696,0,0,0,0,0,65536,0,0
19MHM_06,False,0.6446557243110165,0,0,0,0,0,56729,0,8807
23MKQ_12,False,0.6561306031349305,0,0,133,0,0,2167,62261,975
20KRF_28,False,0.6813042787378647,0,0,0,0,0,63862,0,1674
19GCN_24,False,0.5583691197991818,1,0,1,31475,155,27914,0,5990
21NTD_21,False,0.7044507203659172,12,0,0,0,0,65524,0,0
23LMJ_05,False,0.6973899999532847,0,0,11,0,0,313,0,65212
20KRF_17,False,0.6947559802784667,0,0,0,0,0,65129,189,218
20KQV_13,False,0.604129709449019,0,101,0,0,0,25702,495,39238
19MFU_19,False,0.703180745965107,48,4,0,0,0,65484,0,0
17NRB_02,False,0.6718379119802119,76,0,84,63913,354,129,1,979
24MYS_28,False,0.6068404668791673,245,0,579,33,0,13093,241,51345
20PMR_24,False,0.5747087556409127,0,0,54,1480,0,9538,51030,3434
19HFT_23,False,0.7037013186686063,0,0,36,0,0,0,0,65500
21JTK_07,False,0.645781458114653,0,0,0,2448,0,2155,0,60933
24MYS_17,False,0.6041981973171512,0,0,28,20,0,7629,54069,3790
24MYT_00,False,0.5607859706223485,24,26082,0,0,0,6178,31,33221
20KKU_24,False,0.6250120825324733,0,0,0,1313,0,8124,0,56099
23LKC_06,True,0.5305624464911316,0,24,634,0,0,17843,32477,14558
18HYD_23,True,0.516382071710071,1,1198,815,21,0,26279,29970,7252
19HFT_24,False,0.6684696461323393,0,0,407,2048,0,13,0,63068
20PMR_23,True,0.5114209702889113,0,13,22,29848,0,9809,23148,2696
18HYD_24,False,0.610529395959069,14,0,407,0,0,5241,56759,3115
23LKC_01,False,0.6484467778748476,0,0,61563,0,0,1312,2468,193
20KKU_23,False,0.6426662971252418,0,125,166,1206,0,1943,343,61753
24MYT_07,True,0.4972570576725857,0,67,1637,1094,0,9871,29230,23637
21JTK_00,True,0.5372959302853486,0,44358,84,0,0,6415,2771,11908
24MYS_10,False,0.5969717335639246,0,40,0,28672,0,0,35800,1024
20PMR_15,False,0.5834967584354834,0,18,474,0,0,38803,1417,24824
19HFT_12,False,0.6537958226583264,0,0,1454,2267,0,0,0,61815
22KEU_02,False,0.7025400250190834,0,0,0,0,0,65456,0,80
23LKC_08,False,0.6027267794261835,0,0,97,0,0,35859,503,29077
21JTK_09,False,0.6229935191321596,0,0,0,0,0,20132,3,45401
24MYS_19,True,0.46225007726131173,7,1062,5697,0,0,13984,20109,24677
18HYD_12,True,0.4428530088639613,2,925,1074,4804,0,22029,21910,14792
24MYS_26,False,0.6063393313647549,0,0,260,64,0,30982,36,34194
20KKU_15,False,0.6910508017655219,0,0,0,0,0,64772,3,761
24MYT_09,False,0.5794453574895828,20,102,557,0,0,20534,1654,42669
22KEU_05,False,0.5640270267452764,0,0,81,0,0,23048,5684,36723
19HFT_15,False,0.6992881927823168,0,0,32,176,0,0,0,65328
20PMR_12,True,0.49259386622949736,0,0,4939,0,0,12283,22259,26055
20KKU_12,False,0.6592220178243433,0,0,0,302,0,61552,0,3682
24MYS_21,False,0.6143520373086004,0,0,0,0,0,2227,54692,8617
18HYD_15,False,0.6485191242883522,8,0,0,609,0,60304,0,4615
24MYT_14,False,0.5979874358870704,0,0,175,0,0,1462,16896,47003
24MYS_03,False,0.638099574610714,0,0,0,0,0,54489,8,11039
21JTK_13,False,0.6147501092281611,0,0,1100,0,0,11704,73,52659
23LKC_12,False,0.579765612714212,4,0,52657,0,0,6547,5005,1323
22KEU_18,True,0.5483200468501233,0,0,103,0,0,27323,28655,9455
19HFT_08,False,0.5806506251797363,0,0,471,19885,0,0,2207,42973
22KEU_27,True,0.5514708909940869,0,0,670,0,0,21057,37728,6081
18HYD_08,False,0.6125165950459661,0,62,242,27,0,10156,54040,1009
20PMR_08,False,0.6379038948404411,0,0,108,0,0,1175,59594,4659
23LKC_15,True,0.5111318777884,0,0,2091,0,0,21847,27847,13751
24MYS_04,False,0.6503690609753107,1,44,9,0,0,2519,61568,1395
21JTK_14,True,0.545149156536355,0,11288,838,0,0,11876,4,41530
24MYT_13,False,0.5886458267599615,3,483,0,0,0,2189,14369,48492
22KEU_20,False,0.6365632473660545,0,0,535,1022,0,61516,1064,1399
20KKU_08,False,0.5797014247372867,2,0,719,24,0,14008,48038,2745
18HYD_06,False,0.5890351079619481,0,0,74,11,0,29826,34072,1553
21JTK_22,True,0.5570560871875749,0,4137,228,0,0,22761,461,37949
24MYT_25,False,0.6140349583211534,9,79,2,121,0,4851,3389,57085
22KEU_29,True,0.5437722880052495,0,104,424,0,0,8469,36449,20090
20KKU_01,False,0.625214017013854,0,0,59385,0,0,1365,1102,3684
23LKC_23,True,0.5375076583335584,0,0,1201,0,0,32954,7002,24379
20PMR_01,True,0.5360132709594656,0,0,4562,8317,0,71,6362,46224
19HFT_06,False,0.6557626006448394,0,0,102,5107,0,0,0,60327
22KEU_16,False,0.5848614375792968,0,0,134,0,0,48605,4241,12556
23LKC_24,False,0.6611976538495733,0,0,574,0,0,413,62946,1603
20KKU_06,False,0.6261431953401819,2,0,38,6796,0,1518,0,57182
24MYT_22,False,0.571615478654525,18,860,392,0,0,1131,39588,23547
21JTK_25,False,0.5858929604346335,0,0,214,0,0,13372,3499,48451
18HYD_01,False,0.6161723393421342,5,70,56247,40,0,125,7437,1612
22KEU_11,True,0.5473125963681255,0,0,245,0,0,18311,36498,10482
19HFT_01,False,0.6168661177225424,0,0,1024,12288,0,0,0,52224
20PMR_06,False,0.6455101983837348,0,6,94,0,0,59857,453,5126
21LUE_13,False,0.565900649094903,0,0,1070,0,0,2339,36855,25272
23LMJ_27,False,0.7039594543514274,0,0,24,0,0,0,65510,2
17NRB_20,False,0.6939948169594263,8,526,0,0,0,65000,0,2
23LMJ_18,False,0.6885974291164474,0,0,138,0,0,64727,0,671
20JQL_11,False,0.5913186542976491,120,0,0,62,0,3076,50005,12273
19MFU_04,False,0.7049320014357696,0,0,0,0,0,65536,0,0
19MHM_24,False,0.5905051416153089,0,5369,0,0,0,50493,0,9674
21NTD_03,False,0.6850139552156421,0,1220,0,0,0,64295,0,21
19GCN_06,False,0.6945743190782513,0,0,26,0,8,402,12,65088
17NRB_27,True,0.5102079200206869,10,814,2215,187,2,7710,40909,13689
23LMJ_20,False,0.616810760968524,0,0,31,0,0,38507,0,26998
20JQL_29,True,0.535610311872485,1,2001,137,4,0,10276,43739,9378
23MKQ_08,True,0.5546552040853795,42,0,837,1024,0,18386,2174,43073
21LUE_14,False,0.7042494554059385,0,0,0,0,0,18,0,65518
17NRB_18,False,0.6860697754500874,111,467,0,0,9,64718,0,231
21NTD_04,False,0.6286144997472954,0,0,0,0,0,15984,0,49552
19GCN_01,False,0.5944026166048304,0,2989,1403,55146,0,0,0,5998
19MFU_03,False,0.7049320014357696,0,0,0,0,0,65536,0,0
19MHM_23,False,0.7009715178694401,0,0,0,0,0,65387,0,149
20KQV_09,False,0.6088581477398295,0,0,1133,0,0,3729,57533,3141
20JQL_16,True,0.5301706294376992,0,3364,0,0,0,28081,4083,30008
19GCN_08,False,0.616502659957494,0,0,46,38866,0,0,0,26624
17NRB_11,False,0.6876893105264972,0,0,160,0,0,338,64818,220
21LUE_22,False,0.6067257236176019,0,0,1325,0,0,0,48576,15635
23LMJ_16,False,0.6510178363442188,0,0,78,0,0,59835,116,5507
20KRF_04,False,0.6264612527954414,0,0,337,0,0,7459,57015,725
20KQV_00,False,0.6024387946598753,0,1379,166,0,0,14882,0,49109
23MKQ_01,False,0.5725494504403831,615,0,48707,1,0,5320,15,10878
23LMJ_29,False,0.6649701349762485,0,0,1,0,0,2240,62737,558
20JQL_20,True,0.5340855606824026,0,17813,0,0,0,36524,1106,10093
19MHM_15,False,0.6884067894666113,0,0,0,0,0,64548,0,988
20KRF_03,False,0.7049320014357696,0,0,0,0,0,65536,0,0
20KQV_07,False,0.6012409383991886,0,0,0,0,0,31377,33375,784
23LMJ_11,False,0.6984604611361398,0,0,278,0,0,0,0,65258
20JQL_18,False,0.6602647925909626,33,0,449,6,0,204,62653,2191
21LUE_25,False,0.6833786159909051,0,0,461,208,0,228,64607,32
17NRB_16,False,0.702680202832915,0,0,0,0,0,65467,61,8
19MHM_12,False,0.5601151664512061,218,10759,0,0,0,43415,0,11144
20JQL_27,True,0.5277776114806906,682,0,79,0,0,27561,25192,12022
23MKQ_06,False,0.565299964729373,4,0,215,0,0,5454,18894,40969
17NRB_29,True,0.5567462209134535,5,0,866,46,0,3522,34179,26918
18HYD_00,False,0.5941259936017899,11,27637,0,0,0,36508,0,1380
20KKU_07,False,0.5912958090658417,211,0,1008,8118,250,1475,0,54474
23LKC_25,False,0.6122871377550696,0,0,447,0,0,20574,0,44515
21JTK_24,False,0.6181397208711176,0,0,0,0,0,24224,38,41274
24MYT_23,False,0.5999091703722823,1,55,562,0,0,87,29208,35623
19HFT_00,False,0.7049320014357696,0,65536,0,0,0,0,0,0
20PMR_07,True,0.5232234914316576,0,0,910,6,0,14555,26348,23717
22KEU_10,True,0.5046633651465527,0,272,19344,0,0,34409,4185,7326
24MYT_24,False,0.6041874099207174,0,19,205,0,0,995,15554,48763
21JTK_23,False,0.6161860846200654,0,0,0,0,0,40871,98,24567
23LKC_22,False,0.6682654824110091,0,0,109,0,0,2028,63123,276
20KKU_00,False,0.6189646066000972,132,59995,698,2644,1180,0,0,887
22KEU_28,False,0.6252254018689187,0,0,0,0,0,48165,36,17335
18HYD_07,False,0.5879675442449326,0,0,689,0,0,53125,6780,4942
22KEU_17,False,0.5955260250408095,0,0,32,0,0,4830,8562,52112
20PMR_00,True,0.5091593160512333,8,9217,288,0,0,41574,6377,8072
19HFT_07,False,0.6457702071220787,0,0,1109,3985,0,0,0,60442
23LKC_14,False,0.5725071817560469,0,0,671,0,0,11200,48527,5138
24MYT_12,False,0.6174826411883174,2,0,0,0,0,5719,3269,56546
24MYS_05,False,0.6939964396057483,0,0,0,0,0,507,65010,19
21JTK_15,False,0.6109001955474277,0,0,590,0,0,45772,13,19161
20PMR_09,True,0.5442409335368559,0,19,4797,6303,0,877,50276,3264
20KKU_09,True,0.5484383854311496,0,0,75,2835,0,46882,4649,11095
22KEU_21,False,0.571719087555885,0,0,27,0,0,40395,20110,5004
19HFT_09,False,0.6695217485168042,0,0,502,42,0,324,944,63724
24MYS_02,False,0.7046942828417956,0,0,4,0,0,1,0,65531
21JTK_12,False,0.6788288849389014,0,0,75,0,0,288,1024,64149
24MYT_15,False,0.6096792745898595,2,0,236,0,0,961,12927,51410
22KEU_19,False,0.6121889289661364,0,168,20,0,0,19652,205,45491
23LKC_13,True,0.523258574519113,0,0,15244,0,0,20475,960,28857
18HYD_09,False,0.6336248066610648,0,0,0,5,0,52456,0,13075
22KEU_26,True,0.5496554283884212,0,0,272,0,0,7639,31042,26583
17NRB_17,False,0.6015754474251204,181,100,19,0,14,35615,201,29406
20JQL_19,False,0.6876159428599075,66,0,39,0,0,92,64767,572
23LMJ_10,False,0.6106422031020998,0,0,146,0,0,12987,51359,1044
20KRF_02,False,0.6100995955806588,22,0,0,386,0,21936,25,43167
20KQV_06,False,0.6076968500354127,0,0,1884,0,0,2015,57559,4078
21LUE_24,False,0.7037884266122006,0,0,33,0,0,0,65503,0
17NRB_28,False,0.622509575901694,0,0,0,2022,0,56845,21,6648
19MHM_13,False,0.6207954330071718,2,2909,0,0,0,57063,0,5562
23MKQ_07,False,0.6244636186025109,4,0,126,0,0,15565,49823,18
20JQL_26,False,0.5943543252163862,0,0,18,0,0,16650,46535,2333
21LUE_23,False,0.6141679478009386,0,0,107,0,0,27966,1,37462
20KRF_05,False,0.6581829730971406,0,0,0,0,0,5221,3,60312
20KQV_01,False,0.6282678218997068,0,0,47,182,0,8513,56327,467
23LMJ_17,False,0.6660947891119663,0,0,8,0,0,62079,54,3395
17NRB_10,False,0.6201040295626058,0,0,0,0,0,23422,1,42113
19GCN_09,False,0.6101285226935511,0,0,249,0,0,32817,0,32470
20JQL_21,False,0.678967821213842,70,0,356,0,0,122,64334,654
23LMJ_28,False,0.57117554049354,0,0,958,0,0,49472,5343,9763
23MKQ_00,True,0.5173993926296189,138,26914,133,0,0,24440,814,13097
19MHM_14,False,0.6912742101938641,0,0,0,0,0,64781,0,755
23MKQ_09,True,0.5580081280426936,15,0,88,0,0,6403,27302,31728
20JQL_28,True,0.5180193663541721,1348,0,292,35,0,9633,32492,21736
23LMJ_21,False,0.6064403604920395,0,5,616,97,0,55703,1738,7377
21LUE_15,False,0.6192471801472488,0,0,0,0,0,40789,0,24747
17NRB_26,False,0.6667938981727085,0,0,0,0,0,63153,1204,1179
19MFU_02,False,0.7016994713474152,0,39,0,0,0,65436,0,61
19MHM_22,True,0.5489522570321037,83,8892,0,412,0,40471,0,15678
20JQL_17,True,0.44995732250296855,910,4787,170,2701,0,6100,14602,36266
20KQV_08,True,0.5486690123463708,0,0,3594,0,0,13310,45276,3356
21NTD_05,False,0.7049320014357696,0,0,0,0,0,65536,0,0
19GCN_00,False,0.6288295938745329,0,59466,0,883,1067,0,0,4120
17NRB_19,False,0.6196014864647631,0,18,337,54,0,3358,3270,58499
17NRB_21,False,0.6350892496782756,0,0,0,0,0,53996,69,11471
21LUE_12,False,0.7046942828417956,0,0,4,0,0,1,0,65531
23LMJ_26,False,0.6397941385139291,0,0,0,0,0,55017,0,10519
21NTD_02,False,0.7049320014357696,0,0,0,0,0,0,0,65536
19GCN_07,False,0.5973908422082896,0,0,1121,28455,0,0,0,35960
20JQL_10,False,0.5882851389690552,88,55,53,0,0,6971,52047,6322
23LMJ_19,False,0.621599430667253,0,0,5,0,0,44106,0,21425
19MFU_05,False,0.7043151300628424,16,0,0,0,0,65520,0,0
19MHM_25,False,0.6937839872630192,0,0,0,0,0,64965,0,571
19KFA_13,True,0.5384539955555686,94,2157,38615,0,216,365,2073,22016
19PDL_00,False,0.6681063982002553,0,63430,0,0,0,1282,142,682
19GGM_20,False,0.7049320014357696,0,0,0,0,0,0,0,65536
18HYF_27,False,0.6010851916371719,13,202,1385,0,0,3289,57321,3326
22LBN_12,True,0.5204348314854693,0,10192,135,0,0,42963,5648,6598
19NHC_16,False,0.7048324227854741,0,0,0,0,0,65534,0,2
20LRK_25,False,0.662735995005448,0,98,121,14,0,62423,2805,75
20LKP_22,False,0.6900932501552385,0,0,0,0,0,64688,0,848
19NHC_29,False,0.7001069793036762,0,0,0,0,0,65345,0,191
18HYF_18,False,0.5825936288197645,136,1828,1140,0,0,1754,56150,4528
20LRK_22,False,0.7049320014357696,0,0,0,0,0,65536,0,0
20LKP_25,False,0.5632692739268926,4,0,80,0,0,38220,6154,21078
18HYF_20,True,0.5263100691571918,1,88,999,0,0,33894,12207,18347
22LBN_15,False,0.7049320014357696,0,0,0,0,0,65536,0,0
19NHC_11,False,0.7019221150672253,0,0,0,0,0,65430,0,106
19GGM_27,False,0.699419756559695,0,0,191,18,0,0,0,65327
19PDL_07,False,0.5640913560990912,53,0,266,0,0,3923,29899,31395
19KFA_14,False,0.5803394076591157,0,1014,16311,0,249,245,716,47001
19GGM_18,False,0.6901518614631861,0,0,206,466,0,0,0,64864
19NHC_27,False,0.7031770488126624,0,0,0,0,0,65481,0,55
18HYF_16,False,0.5981441905528636,31,30,1675,0,35,1671,55874,6220
22LBN_23,False,0.6477123780646513,0,1079,0,0,0,61987,1573,897
19GGM_11,False,0.5882785896637325,0,0,3747,14494,0,0,0,47295
20LRK_14,False,0.5847505301957322,0,0,440,0,0,49407,12370,3319
20LKP_13,True,0.5486970071309462,0,0,854,0,0,6262,38330,20090
19KFA_22,True,0.46135240764171503,228,0,6240,2443,0,10638,36700,9287
22NCK_03,False,0.7035025670196505,0,0,0,0,0,65498,17,21
18HYF_29,False,0.6025508416287254,0,0,1500,0,0,4798,2582,56656
19NHC_18,False,0.6509780643627495,0,5487,0,0,0,59812,0,237
19KFA_25,True,0.5509031149219266,32,211,4663,1204,0,8,44484,14934
20LRK_13,True,0.5290143274988923,0,0,6030,0,0,9854,5655,43997
20LKP_14,True,0.5466945012196748,0,0,57,50,0,34318,11351,19760
19GGM_16,False,0.6946509631956117,0,0,394,57,0,0,0,65085
19NHC_20,False,0.6924703219160949,0,0,0,0,0,64871,0,665
18HYF_11,False,0.6433277949714403,194,77,98,0,253,614,61593,2707
22LBN_24,False,0.6959270964483988,0,0,1,0,0,65158,48,329
19PDL_09,True,0.5332891498050139,1,399,1234,65,0,13904,42303,7630
22NCK_04,False,0.6921592678691499,0,0,0,0,0,64848,688,0
19GGM_29,False,0.7049320014357696,0,0,0,0,0,0,0,65536
19KHV_26,True,0.5580731211594757,6,0,339,33890,0,4141,175,26985
21KVS_22,False,0.6205369039490016,0,0,546,0,0,4018,58512,2460
20JPQ_11,False,0.691018886995401,215,0,140,0,0,68,65022,91
19LCK_23,False,0.6606187233323564,0,0,0,0,0,60782,0,4754
21LXK_17,False,0.58272885254701,0,628,319,0,0,22474,805,41310
21MXR_10,False,0.6978931347349706,0,0,0,0,0,65226,0,310
19KHV_19,True,0.4508343154775169,361,19,4366,39934,1451,5853,2443,11109
21LXK_28,False,0.6165276146095302,0,68,0,0,0,23923,22,41523
18GXU_22,True,0.5172777892945307,111,50,1176,0,44,25077,11101,27977
21NTF_13,False,0.6539920570305152,0,0,0,0,0,59335,0,6201
19PEK_21,True,0.5503452815807869,300,762,0,0,0,27321,3751,33402
21LXK_10,False,0.608686973328185,0,0,279,0,0,49818,722,14717
19LCK_24,False,0.6827237568259001,0,0,0,0,0,64012,0,1524
19PEK_19,False,0.6052884769240839,40,0,14,0,0,54618,4205,6659
20JPQ_16,False,0.5965770294818306,414,0,10,70,0,739,18854,45449
21MXR_28,False,0.6739199721274827,0,0,0,0,0,62968,0,2568
21KVS_25,False,0.5979160449825592,0,0,44,0,0,46515,1761,17216
19KHV_21,True,0.3944971652811665,24,1990,2944,19535,2300,17636,1085,20022
19PEK_26,False,0.559020015690413,0,0,60,0,0,17320,8605,39551
18GXU_25,True,0.4408081097439902,68,20979,499,0,863,7083,14648,21396
21NTF_14,False,0.6925657614041087,0,0,0,0,0,64878,0,658
20JPQ_29,False,0.6227456536813781,0,0,23,0,0,18897,21,46595
21MXR_17,False,0.6219095614456119,0,0,0,0,0,44172,0,21364
19HGA_04,False,0.7010481097629389,1,0,8,0,0,100,65411,16
21LXK_26,False,0.6881270497529948,0,0,0,0,0,64560,15,961
19LCK_12,False,0.699751954552397,0,0,0,0,0,65327,0,209
21KVS_13,False,0.6178633931186919,0,998,0,0,0,57914,1335,5289
19KHV_17,True,0.465135098793915,921,0,3080,38959,44,6844,3001,12687
20JPQ_20,False,0.6402277569348439,7,0,122,0,0,3492,60392,1523
21NTF_22,False,0.6841062717218124,0,140,0,0,0,64370,0,1026
18GXU_13,False,0.7013714636015131,0,38,0,0,0,65423,0,75
21LXK_19,True,0.5499333229582369,0,0,382,72,0,40946,14756,9380
19PEK_10,True,0.5310178698359598,4,336,0,49,0,17753,17868,29526
21MXR_21,False,0.6380124776646598,0,0,0,0,0,54310,0,11226
21LYD_05,False,0.6666032705748153,0,0,47,0,0,1022,1238,63229
19KHV_28,False,0.6057356251453189,0,0,163,51749,0,1128,163,12333
21MXR_19,False,0.6189845786514409,0,0,9,0,0,41029,0,24498
20JPQ_27,False,0.6277740203500355,103,0,118,0,0,3204,59258,2853
19KHV_10,False,0.6652741901376793,0,0,2,62863,0,664,1,2006
21KVS_14,False,0.6221301923638783,0,0,51,0,0,47529,51,17905
19LCK_15,False,0.5949711915172353,585,4172,2,12,0,54361,0,6404
21LXK_21,False,0.7049320014357696,0,0,0,0,0,65536,0,0
19HGA_03,False,0.6357573437556526,0,0,0,0,0,4063,2048,59425
19PEK_28,False,0.5679061174457,113,2385,236,0,0,50687,1881,10234
21LYD_02,True,0.5251150218667981,1161,0,2913,0,0,5927,46101,9434
21MXR_26,False,0.7047892110219063,0,0,0,0,0,65533,0,3
20JPQ_18,False,0.6570582478083171,0,0,3,0,0,4176,61100,257
19PEK_17,True,0.5438652341986282,156,50,63,6,0,32359,23758,9144
21NTF_25,False,0.6967983306823536,0,8,0,0,0,65174,0,354
18GXU_14,False,0.6888307968611032,0,0,0,0,0,64584,0,952
20LKP_15,True,0.5361644555084487,0,0,84,0,0,23547,19151,22754
20LRK_12,False,0.6913524030031964,0,0,207,0,0,245,65000,84
19NHC_21,False,0.6210206541519481,0,0,0,0,0,43183,0,22353
22LBN_25,False,0.6718352131143327,0,0,0,0,0,63367,368,1801
18HYF_10,False,0.6273360153049615,21,0,882,163,0,59663,806,4001
19GGM_17,False,0.6995968006197605,0,0,217,0,0,0,0,65319
19KFA_24,True,0.4925473113799932,62,147,25853,6100,63,0,6337,26974
19GGM_28,False,0.6966480979224038,0,0,294,46,0,0,0,65196
22NCK_05,False,0.6723416337595891,0,0,0,0,0,62880,32,2624
19PDL_08,True,0.519149461349514,178,96,984,20,0,27786,10309,26163
19KFA_23,True,0.47601186449382826,888,0,2542,20061,0,149,20172,21724
19GGM_10,False,0.601681187037922,0,0,3703,9122,0,0,0,52711
19NHC_26,False,0.5909893460879934,0,5692,0,0,0,50837,0,9007
22LBN_22,False,0.7048784629954079,0,0,0,0,0,65535,1,0
18HYF_17,True,0.5286430947351787,0,0,1010,0,0,11139,22405,30982
20LKP_12,False,0.5985580730266724,0,11475,0,0,0,50866,0,3195
20LRK_15,False,0.6265458529266629,0,11,115,0,0,12717,52560,133
22NCK_02,False,0.5977407575077164,13,203,0,0,0,18522,1180,45618
18HYF_28,False,0.6378597869307747,4,74,578,0,0,59441,215,5224
19NHC_19,False,0.6923075531959025,0,0,0,0,0,64859,0,677
19PDL_06,False,0.6311592228291413,0,7,3,84,0,55260,275,9907
19KFA_15,True,0.5332982771594847,2138,0,2797,311,0,6311,50523,3456
20LKP_24,False,0.6119055377796611,0,0,0,0,0,43713,422,21401
20LRK_23,False,0.6663703908094872,0,308,21,0,0,721,63467,1019
19GGM_26,False,0.692511179888954,0,0,662,0,0,0,0,64874
22LBN_14,False,0.6367110801185907,0,0,0,0,0,58912,1266,5358
18HYF_21,False,0.6424003752331637,0,45,0,4,0,57937,194,7356
19NHC_10,False,0.7003079890918396,0,0,0,0,0,65355,0,181
19GGM_19,False,0.6879314825232479,0,0,1029,0,0,0,0,64507
22LBN_13,True,0.5577185345700201,2,436,219,0,0,12567,45294,7018
18HYF_26,False,0.6396369572659374,0,0,233,541,0,61286,984,2492
19NHC_17,False,0.6924883641467574,0,349,0,0,0,65003,0,184
19GGM_21,False,0.6975472964709002,0,0,0,330,0,0,0,65206
20LKP_23,True,0.5430471250153381,0,40,137,0,0,21474,11453,32432
20LRK_24,False,0.6416975236822008,0,0,807,0,0,0,5500,59229
19KFA_12,True,0.5285242281014291,2681,0,5246,1161,0,252,48297,7899
19PDL_01,False,0.6707621089613259,469,0,63641,0,0,37,1282,107
19NHC_28,False,0.6459936096389127,0,0,0,0,0,57152,0,8384
18HYF_19,True,0.5023939970356498,98,18,4405,9,0,26529,27052,7425
19LCK_14,False,0.6591030318665908,52,157,522,0,0,62526,0,2279
21LXK_20,True,0.5229645973767947,0,13571,681,0,0,38913,978,11393
19PEK_29,False,0.6245469925121533,98,5,0,0,0,16141,9,49283
19HGA_02,False,0.6407133748133419,0,0,0,59392,0,0,1024,5120
20JPQ_26,False,0.5743901213849913,17,0,0,0,0,8545,46519,10455
21MXR_18,False,0.619891921822408,0,0,0,0,0,41743,0,23793
21KVS_15,False,0.5779124029142303,0,1591,464,0,0,37517,125,25839
19KHV_11,False,0.5853082181092039,89,0,346,49748,18,1726,336,13273
19PEK_16,True,0.548070854682158,0,1,52,26,0,35536,17853,12068
21NTF_24,False,0.6846867611268089,0,72,0,0,0,64347,0,1117
18GXU_15,False,0.6384828615019479,0,0,0,0,0,54672,10,10854
21LYD_03,False,0.7006612858492489,0,0,0,0,0,65378,5,153
20JPQ_19,False,0.6909745883365085,25,0,8,0,0,198,64958,347
21MXR_27,False,0.7044507203659172,0,0,0,0,0,65524,0,12
19KHV_16,True,0.45632096399912686,902,5,4236,42408,431,4759,5774,7021
21KVS_12,False,0.5790100065935248,0,0,26,23,0,27509,2880,35098
20JPQ_21,False,0.5991665943534424,204,0,234,108,0,8407,54357,2226
19HGA_05,False,0.6525575111008215,0,0,0,1024,0,0,61439,3073
21LXK_27,False,0.6290710471266497,0,114,262,0,0,6707,604,57849
19LCK_13,False,0.6870706587757107,0,0,0,0,0,64431,0,1105
21MXR_20,False,0.6488636158315818,0,0,12,0,0,58133,0,7391
19KHV_29,False,0.5862288592885728,296,0,1042,55138,56,1656,409,6939
21LYD_04,False,0.7049320014357696,0,0,0,0,0,0,65536,0
21NTF_23,False,0.6441491110045154,0,44,1,0,0,57045,0,8446
21LXK_18,False,0.6179113212654426,0,0,0,0,0,27280,0,38256
18GXU_12,False,0.6073058329968465,0,0,4,0,0,54632,4104,6796
19PEK_11,True,0.4980022721829065,100,173,75,3734,0,22575,8014,30865
21MXR_29,False,0.7037592345494644,0,0,0,0,0,65502,0,34
20JPQ_17,False,0.5745594432024274,321,0,106,0,0,10977,48759,5373
19KHV_20,True,0.4413248054590672,497,10,3756,35847,779,6134,3653,14860
21KVS_24,False,0.6396270891067904,0,0,275,0,0,4726,59809,726
21LXK_11,False,0.7034753076304852,0,0,0,0,0,65492,0,44
19LCK_25,False,0.701382146013178,0,0,0,0,0,65406,0,130
19PEK_18,True,0.5386293852106505,111,0,57,0,0,14730,31038,19600
21MXR_16,True,0.5474788397944123,0,27823,0,0,0,26213,0,11500
20JPQ_28,False,0.5933994795769424,70,0,11,0,0,10053,51311,4091
19PEK_27,False,0.6007881800649942,106,32,196,0,0,30493,212,34497
18GXU_24,True,0.47506602636620837,72,24358,461,58,576,3024,26761,10226
21NTF_15,False,0.681950577272512,0,0,2,0,0,63940,0,1594
19LCK_22,False,0.7011212272779009,0,0,0,0,0,65394,0,142
21LXK_16,False,0.6428774836319046,0,0,0,0,0,56504,31,9001
21KVS_23,False,0.5946003958033143,1,1999,0,0,0,49071,288,14177
19KHV_27,False,0.6019242789533136,2,0,748,45779,0,0,287,18720
20JPQ_10,False,0.6431534194343679,0,0,4,0,0,9237,0,56295
18GXU_23,True,0.5078358989992966,15,40219,76,20,84,5103,10603,9416
21LXK_29,False,0.6342568579424472,0,0,0,0,0,52903,13,12620
21NTF_12,False,0.7017165770376447,0,0,0,0,0,65421,0,115
19PEK_20,True,0.5533804907337699,35,0,112,0,0,19693,37167,8529
21MXR_11,False,0.6045876999775602,4,0,53,0,0,19444,891,45144
19KHV_18,True,0.5157259543404523,0,0,25,39509,0,6247,14000,5755
19PDL_18,True,0.5002075288157208,185,1318,965,4,0,20932,10126,32006
22NCK_15,False,0.6336037479613159,0,0,0,0,0,52329,0,13207
19PDL_27,False,0.5636731087855757,1,0,163,0,0,7297,42687,15388
19GGM_07,False,0.5965850172009034,0,0,2048,46080,0,0,0,17408
18HYF_00,False,0.7049320014357696,0,65536,0,0,0,0,0,0
20LKP_05,False,0.6886062217279796,0,0,0,0,0,64565,0,971
20LRK_02,False,0.7049320014357696,0,0,0,0,0,65536,0,0
19NHC_09,False,0.7007188473257328,0,0,0,0,0,65375,0,161
22NCK_12,False,0.7027160249348289,1,0,0,0,0,65469,7,59
20LKP_02,False,0.7049320014357696,0,0,0,0,0,65536,0,0
20LRK_05,False,0.6078253066957783,0,0,111,0,0,26273,38887,265
18HYF_07,False,0.6485912610900256,75,102,475,529,0,1095,62672,588
19GGM_00,False,0.7049320014357696,0,65536,0,0,0,0,0,0
19PDL_20,False,0.5837579946560926,415,0,2690,1024,336,4835,135,56101
19GGM_09,False,0.5881192362253912,0,0,1958,30465,0,0,0,33113
22NCK_24,False,0.6678170498938821,0,0,0,0,0,62068,0,3468
19PDL_29,True,0.5358781253724556,19,0,236,0,0,18355,16208,30718
19NHC_00,False,0.623044642982733,0,10449,0,0,0,54190,0,897
22LBN_04,False,0.687531218541131,0,0,375,0,0,60,64779,322
19KFA_05,False,0.59656649288166,3018,0,1855,0,0,1225,57771,1667
19PDL_16,False,0.6590534769073739,404,0,153,0,67,62926,253,1733
22NCK_23,False,0.7049320014357696,0,0,0,0,0,65536,0,0
18HYF_09,False,0.5622399504776053,12,11,3803,0,107,8143,2697,50763
19PDL_11,True,0.5331379683600519,26,6,440,0,0,15533,32466,17065
19KFA_02,False,0.7042821344263829,0,0,17,65519,0,0,0,0
19NHC_07,False,0.7049320014357696,0,0,0,0,0,65536,0,0
22LBN_03,False,0.7049320014357696,0,0,0,0,0,65536,0,0
20JPQ_09,False,0.5700142522933157,250,0,87,0,0,5028,45415,14756
21LYD_13,True,0.5510072693500606,6,2,255,0,0,39478,10320,15475
18GXU_05,False,0.5814724535346384,124,0,542,97,3,4235,52379,8156
19PEK_06,True,0.5553664619369882,39,0,15,0,0,35447,8296,21739
19KHV_01,False,0.63644963771774,160,0,61374,1468,19,455,182,1878
21KVS_05,False,0.6332003628585169,0,0,0,20,0,11238,132,54146
21MXR_08,False,0.5910830889838189,0,0,7,0,0,33039,1612,30878
19HGA_12,False,0.6682875368962254,0,0,130,0,0,0,62573,2833
19LCK_04,False,0.5648424388335784,60,657,4177,0,0,16639,0,44003
19PEK_01,False,0.6223600531032749,398,0,5575,57,0,365,58423,718
21LXK_08,True,0.5268656364876451,0,221,349,0,0,16457,30002,18507
18GXU_02,True,0.4433439105286207,94,31061,267,7888,291,3092,3932,18911
21LYD_14,False,0.6378783898064978,0,465,12,0,0,2571,60774,1714
19LCK_03,False,0.7049320014357696,0,0,0,0,0,65536,0,0
19HGA_15,False,0.7039369304823379,0,0,28,0,0,0,65508,0
21KVS_02,True,0.49355144449174093,19,6489,365,1013,0,42639,5977,9034
19KHV_06,False,0.5867885946550553,0,0,0,39208,0,0,2396,23932
21NTF_05,False,0.6572145053451325,14,1140,400,0,0,62742,0,1240
21MXR_06,False,0.6179595877459767,0,0,87,0,0,42881,0,22568
21LYD_22,False,0.5657106640093248,0,0,1068,0,0,14965,45609,3894
19HGA_23,False,0.6065464454549638,175,0,79,0,0,86,29477,35719
19PEK_08,False,0.6145205740251435,0,0,0,40,0,17695,429,47372
21LXK_01,True,0.5484961804989522,72,22,37495,26,0,8555,183,19183
20JPQ_07,False,0.6894181791245891,317,0,226,0,0,5,64903,85
19KHV_08,False,0.6171699927063832,0,0,19,55350,1,0,1975,8191
21LYD_25,True,0.5414472043997222,0,0,218,0,0,13338,33478,18502
21MXR_01,False,0.6248663586765295,8,58,52302,0,0,267,0,12901
21NTF_02,False,0.7048324227854741,0,0,0,0,0,65534,0,2
20JPQ_00,False,0.6593593489433274,78,62914,5,1099,0,193,0,1247
21LXK_06,False,0.7047078241252374,0,0,0,0,0,65531,0,5
19HGA_24,False,0.6994431935915117,0,0,21,0,0,0,65330,185
22NCK_22,False,0.6944845031418292,5,498,3,0,0,65030,0,0
18HYF_08,False,0.5594225614315981,0,0,203,3740,0,649,20024,40920
19NHC_06,False,0.6518943238417555,0,0,0,0,0,58814,0,6722
22LBN_02,False,0.6692493286492631,0,0,0,0,0,2895,62568,73
19PDL_10,True,0.53749552094416,14,9,1839,0,0,10110,42778,10786
19KFA_03,False,0.5876500419182037,3,632,4825,2866,786,9,245,56170
19PDL_28,False,0.5728898003594155,124,0,174,0,0,43501,3811,17926
22NCK_25,False,0.7049320014357696,0,0,0,0,0,65536,0,0
19GGM_08,False,0.6028625384047294,0,0,1206,44971,0,0,0,19359
19KFA_04,True,0.4573296921447171,784,6,2536,3992,0,25532,27046,5640
19PDL_17,True,0.5355814177598838,256,0,304,49,0,25435,8895,30597
19NHC_01,False,0.7049320014357696,0,0,0,0,0,65536,0,0
22LBN_05,False,0.6053201080244124,0,0,316,0,0,734,48336,16150
19NHC_08,False,0.7042494554059385,0,0,0,0,0,65518,0,18
22NCK_13,False,0.7049320014357696,0,0,0,0,0,65536,0,0
19PDL_21,False,0.6103552143841967,6,0,649,1,0,55585,1447,7848
20LRK_04,False,0.7049320014357696,0,0,0,0,0,0,0,65536
20LKP_03,False,0.6039926036924015,0,0,702,32,0,34,22225,42543
19GGM_01,False,0.5874685885819123,0,0,4672,48643,0,0,0,12221
18HYF_06,False,0.6146166054217292,0,0,173,3,0,8,23408,41944
22NCK_14,False,0.7049320014357696,0,0,0,0,0,65536,0,0
19PDL_19,True,0.5348587988019542,707,669,1318,81,0,4704,48269,9788
18HYF_01,False,0.6762602963786345,3,45,64048,0,0,57,1006,377
19GGM_06,False,0.6138024937821168,90,164,822,0,0,1252,58015,5193
20LRK_03,False,0.7049320014357696,0,0,0,0,0,0,65536,0
20LKP_04,True,0.5447438872950259,0,0,254,0,0,10654,20181,34447
19PDL_26,False,0.6515537000587158,25,0,89,22,0,61746,928,2726
21NTF_03,False,0.6979596118783578,0,3,0,0,0,298,0,65235
21LYD_24,True,0.5260391346861549,34,1985,1495,0,0,5312,45565,11145
19KHV_09,False,0.6182291036853057,0,0,5,55244,0,3,1811,8473
21MXR_00,False,0.7047892110219063,0,65533,0,0,0,3,0,0
21LXK_07,True,0.5179713349926455,0,543,1778,81,0,6677,36299,20158
19HGA_25,False,0.5811839945022174,77,864,27,0,0,28174,35636,758
20JPQ_01,True,0.5498377769912479,262,0,44546,0,0,1613,15006,4109
21MXR_07,False,0.7041849783296978,0,0,0,0,0,65516,0,20
21LYD_23,True,0.527522489454744,0,0,589,0,0,21746,16094,27107
21NTF_04,False,0.6494942144545721,0,21,15,0,0,58537,0,6963
20JPQ_06,False,0.6427541180184737,217,0,193,0,0,1000,61188,2938
19PEK_09,False,0.6541476331719264,0,0,0,0,0,2163,1504,61869
19HGA_22,False,0.6286103826256991,0,400,0,77,0,0,54830,10229
21LXK_00,False,0.5817911562429808,0,21153,6,0,0,41256,39,3082
21LYD_15,False,0.5873693746390857,0,424,37,0,0,25689,38316,1070
19PEK_00,False,0.5846338630211344,0,52258,0,0,0,9260,1472,2546
18GXU_03,True,0.5043706326138592,51,23,6,13691,4763,36771,0,10231
21LXK_09,False,0.6796795581434587,0,0,0,0,0,63682,0,1854
19KHV_07,False,0.6160773021062038,0,0,0,51707,0,991,0,12838
21KVS_03,False,0.7049320014357696,0,0,0,0,0,65536,0,0
19LCK_02,True,0.4915903505291871,901,11402,36,1889,0,25374,66,25868
19HGA_14,False,0.660315081370828,0,0,86,0,0,40,61371,4039
18GXU_04,False,0.7049320014357696,0,0,0,0,0,65536,0,0
19PEK_07,False,0.6360344032237802,0,837,0,0,0,3985,639,60075
20JPQ_08,False,0.6021426398597505,48,0,1,0,0,10580,52135,2772
21LYD_12,True,0.5550472432583133,13,0,396,0,0,27007,5478,32642
19HGA_13,False,0.6772468211041313,0,0,371,0,0,0,63920,1245
19LCK_05,False,0.6600075013130499,0,0,0,0,0,60660,0,4876
21KVS_04,False,0.6720695008502215,9,0,330,90,0,884,63934,289
19KHV_00,True,0.518664449590337,5,2730,811,45844,229,10513,174,5230
21MXR_09,False,0.6245071499535712,0,0,17,0,0,47162,0,18357
20KKU_28,False,0.7049320014357696,0,0,0,65536,0,0,0,0
22KEU_00,False,0.5937342289287366,0,51625,1,0,0,10903,476,2531
20PMR_17,True,0.5386037019173698,0,0,3140,335,0,9045,47083,5933
19HFT_10,False,0.6451814901976802,0,0,820,3963,0,0,151,60602
24MYS_24,False,0.5585314630090039,0,0,4,0,0,40173,11632,13727
20KKU_17,False,0.6501086975162795,0,0,1055,0,0,61287,43,3151
20PMR_28,False,0.6542316543899144,0,0,37,0,0,4939,60416,144
18HYD_10,False,0.6489182280002914,0,209,75,8,0,4722,60404,118
19HFT_17,False,0.6448967425354206,0,0,353,345,0,3739,175,60924
20PMR_10,False,0.6169128189394351,0,0,546,0,0,58043,4044,2903
18HYD_28,False,0.6383322997078152,2,0,953,97,0,3712,60454,318
22KEU_07,False,0.6090560324526296,0,0,149,0,0,8505,54523,2359
18HYD_17,True,0.5347050711206464,4,5,713,658,0,35156,23290,5710
19HFT_28,False,0.6648680983169248,0,0,1231,1149,0,59,0,63097
20KKU_10,False,0.6924566873554756,0,0,1,64873,0,0,0,662
24MYS_23,True,0.49058321514528214,18,36,9743,265,0,6886,12215,36373
20PMR_26,False,0.6001618187341479,0,0,709,1,0,8187,54335,2304
19HFT_21,False,0.693524159676943,0,0,450,21,0,37,0,65028
20KKU_19,True,0.48295734572122356,12,27,5802,0,0,23845,14652,21198
18HYD_21,False,0.6227187886172681,0,0,243,0,0,8504,55924,865
20PMR_19,False,0.6359671896525176,0,0,226,0,0,902,59237,5171
21JTK_05,False,0.6167656418308535,0,0,0,0,0,33068,0,32468
24MYS_15,False,0.6429753185674534,3,0,0,0,0,10,56362,9161
24MYT_02,True,0.5580472979930108,584,721,1133,206,0,5809,3649,53434
20KKU_26,False,0.6697935938054956,0,0,0,62377,0,0,0,3159
23LKC_04,False,0.6701655383707699,0,20,24,0,0,2803,8,62681
19HFT_26,False,0.7010538293658697,0,0,81,44,0,0,0,65411
18HYD_19,False,0.6011873517211543,0,28,96,0,0,25858,38946,608
20PMR_21,True,0.5482479715648312,0,0,1342,0,0,8244,44287,11663
23LKC_03,False,0.7040187911829613,0,0,6,0,0,0,65513,17
20KKU_21,False,0.6246930254071279,18,0,0,47334,0,0,0,18184
22KEU_09,False,0.5696304653912003,0,0,457,0,0,6894,47611,10574
24MYT_05,False,0.6343013768502204,5,0,549,63,0,4725,598,59596
21JTK_02,False,0.654397426815978,0,0,0,0,0,59484,5,6047
24MYS_12,False,0.5893138430423918,8,0,11,314,0,15562,47495,2146
18HYD_26,True,0.5385871379517757,19,0,10304,0,0,15631,38677,905
19HFT_19,False,0.6942810644726359,0,0,155,0,0,281,0,65100
20KQV_29,False,0.6185043576275859,0,26,1102,0,0,1844,58768,3796
23MKQ_17,False,0.5721164622137928,2,0,5,0,0,9004,45642,10883
19MFU_23,False,0.7049320014357696,0,0,0,0,0,65536,0,0
19MHM_03,False,0.6274854427671274,6,3593,0,14,0,3384,0,58539
21NTD_24,False,0.7049320014357696,0,0,0,0,0,65536,0,0
19GCN_21,False,0.6231659044336371,0,0,129,48425,0,0,0,16982
20KQV_16,True,0.5393238092949009,0,0,1264,0,0,22186,35400,6686
23MKQ_28,True,0.5464453050797008,19,0,702,0,0,6169,26351,32295
20KRF_12,False,0.699889019698417,0,0,0,0,0,65334,0,202
20JQL_09,True,0.38057599246945206,995,19253,10940,82,0,19096,6666,8504
23LMJ_00,False,0.5767948224420879,0,4921,30,0,0,15451,39,45095
17NRB_07,False,0.6491751915577038,0,923,0,0,0,60818,0,3795
21NTD_23,False,0.6457489937567458,0,0,0,0,0,6881,206,58449
19GCN_26,False,0.6246841187205231,0,0,2,46874,1,0,0,18659
19MFU_24,False,0.7049320014357696,0,0,0,0,0,65536,0,0
19MHM_04,False,0.6651600203511783,0,0,0,0,0,61624,0,3912
23MKQ_10,False,0.5908786563334764,0,0,102,0,0,39377,24499,1558
19GCN_19,False,0.6248435142652565,0,0,13,47311,0,0,0,18212
17NRB_00,True,0.497167493483315,0,21202,165,1311,0,1296,31798,9764
23LMJ_07,False,0.6001068695018019,0,0,1059,24,0,41463,0,22990
20KQV_11,False,0.6276304044316037,0,10,70,0,0,6127,57811,1518
20KRF_15,False,0.6695586133405278,0,0,0,0,0,62604,70,2862
17NRB_09,False,0.6747230250574439,0,13,388,0,0,552,64088,495
19GCN_10,False,0.6226577656932076,0,0,0,44931,0,0,0,20605
21NTD_15,False,0.7049320014357696,0,0,0,0,0,65536,0,0
23MKQ_26,True,0.5546222981441082,8,19,127,0,0,10211,14887,40284
20KQV_18,True,0.54300532873387,0,0,609,0,0,17882,37428,9617
20JQL_07,False,0.6403710379909716,29,0,3,0,0,2935,60360,2209
19MFU_12,False,0.6354968716689126,22,11913,0,0,0,53601,0,0
21LUE_05,False,0.6638008197950416,0,0,255,0,0,2926,33,62322
20KRF_23,False,0.6948149000996997,0,0,0,0,0,65130,244,162
23MKQ_19,False,0.7049320014357696,0,0,0,0,0,0,65536,0
20KQV_27,False,0.6904056135431792,0,0,0,0,0,64713,0,823
19MFU_15,False,0.7049320014357696,0,0,0,0,0,65536,0,0
20JQL_00,False,0.7049320014357696,0,65536,0,0,0,0,0,0
23LMJ_09,False,0.5931478097331885,0,0,0,0,0,50176,11264,4096
23MKQ_21,False,0.6160844289848108,0,0,25,0,0,49511,572,15428
19GCN_17,False,0.6091155091717582,0,0,53,36903,0,239,0,28341
21NTD_12,False,0.7028396264650605,0,68,0,0,0,65468,0,0
20KRF_24,False,0.7042170753142495,0,0,0,0,0,65517,0,19
20KQV_20,True,0.5532675867769737,0,0,664,0,0,6385,40233,18254
21LUE_02,False,0.702442360354442,0,0,84,0,0,65452,0,0
19GCN_28,False,0.6634455912869968,0,0,0,61319,0,0,0,4217
19HFT_27,False,0.6784688983147816,0,0,381,1068,0,14,0,64073
20PMR_20,False,0.5585227001934429,0,0,1594,0,0,6870,48100,8972
18HYD_18,False,0.6085399671598344,103,0,0,1706,0,52575,0,11152
18HYD_27,False,0.6430510089627175,22,0,0,0,0,56520,3,8991
19HFT_18,False,0.6780728317646091,0,0,0,2041,0,0,0,63495
22KEU_08,True,0.5471458410249966,0,0,641,30,0,8877,40641,15347
20KKU_20,False,0.6158812404383189,61,0,245,10881,0,701,0,53648
23LKC_02,False,0.637317865052871,0,0,0,0,0,11515,0,54021
21JTK_03,False,0.7031505560325929,0,0,56,0,0,0,65480,0
24MYS_13,False,0.6091975766418938,152,161,277,0,0,596,53307,11043
24MYT_04,False,0.591653922740712,100,0,815,0,0,230,36103,28288
20KKU_18,True,0.5230184027723989,151,0,6635,0,0,43196,10784,4770
20PMR_27,False,0.6318119197102858,0,149,0,0,0,11574,53788,25
19HFT_20,False,0.6904405969388566,0,0,632,82,0,0,0,64822
24MYT_03,False,0.6392702262170326,0,0,0,0,0,54965,9,10562
21JTK_04,False,0.7041215780947567,0,0,0,0,0,22,0,65514
24MYS_14,False,0.6007412267273466,152,3055,19,0,0,515,55833,5962
23LKC_05,True,0.5253911703308831,0,160,455,0,0,27322,15152,22447
20KKU_27,False,0.6537080690597026,0,0,0,0,0,60832,416,4288
20PMR_18,True,0.49590078058741416,0,351,6191,0,0,31169,5877,21948
18HYD_20,False,0.6618323777794847,6,0,114,0,0,3601,61772,43
22KEU_06,True,0.5480676577393735,0,0,441,0,0,40166,12898,12031
19HFT_16,False,0.6888833280489356,0,0,75,761,0,0,0,64700
18HYD_29,True,0.4812446431824154,0,1037,43,3297,0,31791,13715,15653
20PMR_11,True,0.5358963568473002,0,200,1790,21,0,18626,39618,5281
20KKU_11,False,0.6292859940757093,0,0,3,314,0,53685,0,11534
24MYS_22,False,0.5672061955088773,0,0,0,0,0,6192,39238,20106
18HYD_16,True,0.509398505075671,12,1680,777,0,0,37088,11447,14532
19HFT_29,False,0.6760342562471201,0,0,318,1234,0,71,0,63913
20PMR_16,True,0.4543616550353096,0,2,2633,6815,0,8509,30731,16846
19HFT_11,False,0.6973858560177671,0,0,225,0,0,66,0,65245
22KEU_01,False,0.5828845142821486,22,0,54292,0,0,3456,2478,5288
20KKU_29,False,0.6209714690516273,39,527,0,58739,0,2177,15,4039
18HYD_11,False,0.598627687008255,305,0,18,1367,2,49102,5,14737
20PMR_29,False,0.7024181040552859,0,0,85,0,0,0,65451,0
24MYS_25,False,0.5675746532637845,0,192,686,0,0,34775,1995,27888
20KKU_16,False,0.7041470783853802,0,0,0,0,0,65517,8,11
19GCN_16,False,0.5582545746511475,12,0,0,113,6144,28815,0,30452
21NTD_13,False,0.7049320014357696,0,0,0,0,0,65536,0,0
19MFU_14,False,0.7049320014357696,0,0,0,0,0,65536,0,0
23MKQ_20,True,0.545136599158306,38,0,223,0,0,8917,26635,29723
23LMJ_08,False,0.5960269845459387,0,0,2355,0,0,47203,0,15978
20JQL_01,False,0.6775242810887402,149,40,64336,0,0,104,510,397
19GCN_29,False,0.6368644350594175,3,1130,54,61554,39,323,1745,688
20KRF_25,False,0.6601117282643637,0,0,2,0,0,62311,2435,788
20KQV_21,True,0.5222804160493327,0,0,1051,0,0,26604,23897,13984
21LUE_03,False,0.6960947285113003,0,0,418,0,0,0,65118,0
20JQL_06,True,0.545096834629051,0,34046,0,532,0,23065,0,7893
23MKQ_27,False,0.6174091081535025,1,0,1230,0,0,3087,58778,2440
20KQV_19,False,0.617796503620097,0,132,68,0,0,56779,6607,1950
19MFU_13,False,0.7049320014357696,0,0,0,0,0,65536,0,0
19GCN_11,False,0.6156404404993573,0,0,0,27351,0,64,0,38121
21NTD_14,False,0.5675870732065882,0,0,0,10235,0,11362,0,43939
17NRB_08,False,0.635435322527173,4,0,0,0,0,53444,8,12080
21LUE_04,False,0.7049320014357696,0,0,0,0,0,0,0,65536
20KRF_22,False,0.6729676428801545,0,0,0,0,0,63598,535,1403
23MKQ_18,False,0.7048784629954079,0,0,0,0,0,0,65535,1
20KQV_26,True,0.5091490886506432,0,80,3058,0,0,35271,12833,14294
19MFU_25,False,0.7049320014357696,0,0,0,0,0,65536,0,0
19MHM_05,False,0.6211163748999683,0,2360,0,0,0,56691,0,6485
23MKQ_11,False,0.6287701938851927,0,0,44,0,0,16,50949,14527
21NTD_22,False,0.652825751216149,0,0,0,2636,0,1273,0,61627
19GCN_27,False,0.6862639157070259,0,0,3,64482,0,0,989,62
20KQV_10,False,0.587774585926548,0,0,599,0,0,11511,50604,2822
20KRF_14,False,0.7009981752605583,0,0,0,0,0,65396,8,132
23LMJ_06,False,0.640076384420209,0,0,228,0,0,57187,20,8101
17NRB_01,False,0.5821879907368706,31,27,34376,353,0,240,29639,870
19GCN_18,False,0.6306810526976702,0,0,0,50787,0,0,0,14749
21NTD_25,False,0.7049320014357696,0,0,0,0,0,65536,0,0
19GCN_20,False,0.617116184840879,0,0,0,35825,0,0,0,29711
20KQV_28,True,0.5441421805172199,0,0,637,0,0,34556,7725,22618
23MKQ_16,True,0.5523896740095227,1,19352,7,0,0,5535,39781,860
19MFU_22,False,0.7049320014357696,0,0,0,0,0,65536,0,0
19MHM_02,False,0.702369777953295,0,0,0,0,0,65449,0,87
17NRB_06,False,0.6753101969272022,0,56,669,0,0,841,5,63965
23LMJ_01,False,0.6369071547779981,0,0,60755,0,0,1660,637,2484
20JQL_08,False,0.606941491075023,0,0,5,0,0,14544,49533,1454
20KQV_17,False,0.5799892973897902,0,0,166,0,0,19015,3200,43155
23MKQ_29,False,0.5753800535839173,0,0,0,0,0,34116,27709,3711
20KRF_13,False,0.7019451958418179,0,0,0,0,0,65431,0,105
17NRB_24,False,0.6953128212048211,0,0,0,0,0,65068,0,468
23LMJ_23,False,0.6612075016588835,0,0,3,0,0,60924,0,4609
21LUE_17,False,0.6694656004106125,0,689,94,0,0,63656,91,1006
19GCN_02,False,0.6200675841020855,0,0,0,23552,0,0,0,41984
21NTD_07,False,0.702273851694365,0,0,0,0,0,65445,0,91
19MFU_00,False,0.6436891074168632,0,58591,0,0,0,6568,0,377
19MHM_20,False,0.6784015477188658,0,0,0,0,0,63534,0,2002
21LUE_28,False,0.6232425736188958,0,0,498,0,0,12366,52647,25
20JQL_15,True,0.5250265166187973,3,8039,1,399,0,24119,1024,31951
19MHM_18,False,0.6860984896857185,0,430,0,0,0,64634,0,472
21LUE_10,False,0.6461776848865011,0,0,1043,0,0,1544,61870,1079
23LMJ_24,True,0.5409746500115723,0,0,63,0,0,15110,20868,29495
17NRB_23,True,0.4810158327676221,259,81,3820,237,18,11067,22724,27330
20KRF_09,False,0.687647059060987,0,0,0,0,0,64567,45,924
20JQL_12,False,0.623205457331583,20,0,1,0,0,1472,56160,7883
19MFU_07,False,0.7049320014357696,0,0,0,0,0,65536,0,0
19MHM_27,False,0.6284804996236284,0,0,0,0,0,49467,0,16069
19GCN_05,False,0.6824795118413662,0,75,536,0,3,133,64561,228
21NTD_00,False,0.6154324107899779,18,16162,29,0,0,483,0,48844
23LMJ_12,False,0.6064573865099335,0,29,3,0,0,14198,1458,49848
20KQV_04,False,0.6829925131092365,0,0,0,0,0,226,969,64341
20KRF_00,False,0.5745445882868105,0,593,228,1035,0,42445,338,20897
21LUE_26,False,0.6431418799524186,0,0,514,0,0,6143,0,58879
21NTD_09,False,0.6930083985959048,0,20,0,113,0,364,0,65039
17NRB_15,False,0.5818313805878362,0,0,34,0,1,7785,49049,8667
21LUE_19,False,0.6325244906236157,0,0,12,0,0,52317,13,13194
19MHM_11,False,0.679277007301949,0,0,0,0,0,63636,0,1900
23MKQ_05,False,0.6099603707901445,48,18,401,0,0,222,16238,48609
20JQL_24,False,0.5704027235730272,43,0,0,292,0,25792,3110,36299
17NRB_12,False,0.7026636062936971,0,75,0,0,0,65461,0,0
21LUE_21,False,0.631825018947157,0,0,1,0,0,14088,0,51447
19MFU_09,False,0.7049320014357696,0,0,0,0,0,65536,0,0
19MHM_29,False,0.6365988523267482,0,58,0,0,0,54497,0,10981
20KQV_03,False,0.6746018643257333,0,0,168,0,0,150,63746,1472
20KRF_07,False,0.6141421952005358,3,0,0,0,0,19428,404,45701
23LMJ_15,False,0.6000111925686437,0,0,872,0,0,31646,0,33018
20JQL_23,True,0.5489792047013322,0,33787,0,0,0,19676,11,12062
23MKQ_02,False,0.6201013081503618,10,0,0,0,0,5026,57171,3329
19MHM_16,False,0.7015593017981938,0,0,0,0,0,65414,0,122
23LKC_16,True,0.5219239493250407,0,7,2580,0,0,20688,7784,34477
24MYT_10,False,0.6222482802260052,0,0,0,0,0,44523,0,21013
24MYS_07,False,0.5646477727408573,7,354,181,284,0,43357,18422,2931
21JTK_17,False,0.6215895687269514,0,0,682,0,0,12270,0,52584
21JTK_28,False,0.6127778142069248,0,0,0,0,0,30983,135,34418
22KEU_23,True,0.5356689863878847,0,2227,0,0,0,14815,7221,41273
23LKC_29,False,0.6042997238984362,0,148,563,0,0,9663,53950,1212
24MYS_00,True,0.4676240642506261,0,21056,306,204,0,7156,11339,25475
21JTK_10,False,0.5757907285372375,0,4728,5,0,0,18374,6,42423
24MYT_17,False,0.6065968914285131,0,0,0,0,0,1024,18165,46347
23LKC_11,True,0.5524298565835711,0,0,463,0,0,41365,8978,14730
22KEU_24,True,0.48897814019749875,0,11,4637,0,0,25163,18019,17706
24MYT_28,False,0.6915856463866383,0,0,107,0,0,285,134,65010
20KKU_05,False,0.6965363880873823,0,18,176,0,0,52,65245,45
23LKC_27,True,0.5373827063511947,0,0,5207,515,0,12296,2227,45291
21JTK_26,False,0.6039643650274548,0,0,373,0,0,12834,1223,51106
24MYT_21,False,0.6077463152544876,0,408,446,0,0,0,16441,48241
18HYD_02,True,0.49139792977275604,54,0,0,14937,30683,5135,0,14727
24MYS_09,False,0.6445395707065307,0,0,44,0,0,1937,60905,2650
21JTK_19,False,0.6548606664023735,0,67,267,0,0,3733,78,61391
23LKC_18,True,0.5088263734535652,0,0,3900,0,0,13921,35799,11916
22KEU_12,True,0.5462705321617101,0,0,455,0,0,9510,37800,17771
19HFT_02,False,0.624377214987169,0,0,451,12674,0,0,0,52411
20PMR_05,False,0.5645344995866747,0,0,68,0,0,40800,17823,6845
18HYD_05,True,0.5239438389044735,37,2,2041,0,0,7886,22399,33171
24MYT_26,False,0.5855912480549283,8,0,122,0,0,32052,1758,31596
21JTK_21,True,0.5461358690823681,11,10,2592,0,0,24733,2697,35493
23LKC_20,True,0.48706546314980803,0,403,5952,0,0,8342,30832,20007
20KKU_02,False,0.6199525552012375,0,0,0,41827,0,0,0,23709
20PMR_02,False,0.7049320014357696,0,0,0,0,0,65536,0,0
19HFT_05,False,0.6637256730604084,0,659,0,1937,0,67,4,62869
22KEU_15,False,0.5773396278511037,0,290,68,0,0,4331,47917,12930
24MYT_19,False,0.6025939485984818,5,0,1024,0,0,2542,56031,5934
19MFU_08,False,0.7049320014357696,0,0,0,0,0,65536,0,0
19MHM_28,False,0.659725610079043,0,0,0,0,0,60603,0,4933
21LUE_20,False,0.6892198140305941,0,0,2,0,0,911,0,64623
23LMJ_14,False,0.7044507203659172,0,0,12,0,0,0,65524,0
20KQV_02,False,0.7049320014357696,0,0,0,0,0,65536,0,0
20KRF_06,False,0.6750118340557443,0,0,0,0,0,63380,97,2059
17NRB_13,False,0.6242595348402692,4,0,675,0,7,3911,59114,1825
23MKQ_03,False,0.7028113339691917,0,0,0,0,0,65472,8,56
20JQL_22,False,0.5902226130949927,18,0,0,0,0,2761,45698,17059
19MHM_17,False,0.7034200817615859,0,0,0,0,0,65490,0,46
17NRB_14,True,0.5251908488546955,10,0,0,2850,0,21583,6208,34885
21NTD_08,False,0.6984129068638358,0,0,0,12,0,254,0,65270
20KQV_05,False,0.5614724744078059,0,0,104,0,0,38930,19722,6780
20KRF_01,False,0.5882652545122555,0,0,1514,0,0,2177,52850,8995
23LMJ_13,False,0.6583240636414682,0,0,310,136,0,3182,0,61908
21LUE_27,False,0.5837492187392047,0,0,778,0,0,51639,3918,9201
19MHM_10,False,0.6700777725923683,0,0,0,0,0,62420,0,3116
21LUE_18,False,0.6901919412951756,0,0,226,0,0,432,64876,2
20JQL_25,True,0.5536834317109688,370,0,308,266,0,3517,38760,22315
23MKQ_04,False,0.6004426650193347,9,0,137,0,0,16094,47899,1397
17NRB_22,False,0.608362332041822,2,243,0,0,43,34260,5,30983
21LUE_11,False,0.6188809052038123,0,0,330,0,0,16974,0,48232
19MHM_19,False,0.6450141158327701,0,0,28,0,0,57156,0,8352
23LMJ_25,False,0.7047478352372853,0,0,0,0,0,0,65532,4
19GCN_04,False,0.6536240593283413,0,0,0,0,1,59259,0,6276
21NTD_01,False,0.7049320014357696,0,0,0,0,0,65536,0,0
20JQL_13,True,0.5119166225111694,106,966,4,1253,0,8014,36063,19130
20KRF_08,False,0.6810966849875162,0,0,0,0,0,63884,13,1639
19MFU_06,False,0.7049320014357696,0,0,0,0,0,65536,0,0
19MHM_26,False,0.6983527053819327,0,0,0,0,0,65252,0,284
23LMJ_22,False,0.6169032591089608,0,0,101,0,0,42213,3,23219
21LUE_16,False,0.6878281951120997,0,0,0,0,0,1038,0,64498
17NRB_25,False,0.608091439234144,0,0,0,0,0,29515,373,35648
21LUE_29,False,0.6667918667401107,0,0,14,0,0,0,61982,3540
19MFU_01,False,0.7049320014357696,0,0,0,0,0,65536,0,0
19MHM_21,False,0.6554445764507183,6,9,0,0,0,59818,0,5703
20JQL_14,False,0.6997130190670248,0,65325,0,0,0,0,0,211
19GCN_03,False,0.6437307560220847,0,29,0,6932,240,0,0,58335
21NTD_06,False,0.683782447062501,0,34,0,1025,0,102,0,64375
21JTK_20,False,0.6629230041017967,0,0,0,0,0,4313,0,61223
24MYT_27,False,0.6407030175658165,185,224,1050,0,0,1316,820,61941
20KKU_03,False,0.6423195227181646,0,61440,0,0,1024,0,2048,1024
23LKC_21,False,0.7013935610092963,0,0,61,0,0,65431,23,21
18HYD_04,False,0.6902618750124,0,0,158,387,0,66,64924,1
22KEU_14,True,0.5559369400808234,0,8,12,0,0,12802,13312,39402
24MYT_18,False,0.5691347015187092,18,512,281,0,0,1863,27223,35639
20PMR_03,False,0.6731549787263894,0,0,0,0,0,379,63519,1638
19HFT_04,True,0.5280517202309214,22,61,2255,3335,0,887,18433,40543
18HYD_03,False,0.7033926443978482,0,0,0,0,0,65489,0,47
23LKC_26,False,0.6064484258249522,0,0,1060,149,0,9841,514,53972
20KKU_04,False,0.7049320014357696,0,0,0,0,0,65536,0,0
24MYT_20,False,0.6040237310485824,0,66,1102,0,0,423,51935,12010
21JTK_27,False,0.6333169157557017,0,0,38,0,0,10117,230,55151
19HFT_03,True,0.5065807166285861,0,255,2308,3572,0,4172,10015,45214
20PMR_04,False,0.6399816797090808,0,0,89,0,0,590,58919,5938
24MYS_08,False,0.6056988776469404,28,7,1,0,0,578,41069,23853
21JTK_18,False,0.6025393954365005,0,15,573,0,0,31850,28,33070
22KEU_13,False,0.561664774801403,0,0,431,0,0,21276,38990,4839
23LKC_19,True,0.5453952065941102,0,6,2772,0,0,32963,2574,27221
24MYT_16,False,0.6035150184125442,0,0,284,0,0,741,17726,46785
24MYS_01,False,0.6737209413180326,11,140,63856,0,0,35,260,1234
21JTK_11,False,0.6587052182817901,0,0,225,0,0,3084,225,62002
23LKC_10,False,0.6112489419609921,0,0,1073,0,0,14728,1,49734
22KEU_25,True,0.5343704592828504,0,85,699,0,0,36934,13102,14716
24MYT_29,False,0.591639316219201,0,94,1432,0,0,3820,4700,55490
23LKC_17,False,0.5806594397122494,0,0,4033,0,0,9912,789,50802
24MYS_06,False,0.6136282455643177,2,0,5,45064,0,354,10,20101
21JTK_16,False,0.6151585952904512,0,10,38,0,0,36069,2,29417
24MYT_11,False,0.6040711474741205,30,0,456,0,0,15132,676,49242
21JTK_29,False,0.6198079737910258,0,0,0,0,0,15826,375,49335
23LKC_28,False,0.5729189616550899,0,13,1479,0,0,11344,49523,3177
22KEU_22,True,0.5424181340657444,0,525,452,0,0,25721,33432,5406
21NTF_28,False,0.6291363793027198,0,0,0,0,0,15659,0,49877
18GXU_19,False,0.6535262928107731,22,62323,0,193,252,2308,18,420
21LXK_13,True,0.5373060819878251,0,11750,184,0,0,28572,113,24917
19LCK_27,False,0.6917724363173745,0,0,0,0,0,64819,0,717
20JPQ_15,False,0.5904515530580086,145,0,63,0,0,13009,49436,2883
19KHV_22,True,0.4390726274771357,897,27,3291,35983,1243,7017,2081,14997
21KVS_26,False,0.6211258135929484,0,0,0,0,0,43433,2,22101
19PEK_25,False,0.6220274413752985,0,0,0,0,0,50269,337,14930
18GXU_26,True,0.5517244686970977,0,24631,0,0,52,34021,306,6526
19LCK_18,False,0.6628205014182691,0,0,0,0,0,61204,0,4332
21NTF_17,False,0.671694226917413,0,0,0,0,0,62658,0,2878
21KVS_19,False,0.5738273526245814,0,1061,28,0,0,6746,51182,6519
21MXR_14,False,0.7038769980318927,0,0,0,0,0,65506,0,30
21KVS_21,False,0.6775197735680161,0,0,172,0,0,64081,209,1074
21LYD_08,True,0.5191017688506562,0,4011,210,0,0,21310,35436,4569
19KHV_25,False,0.6327938745310809,4,0,163,57825,0,0,6866,678
20JPQ_12,False,0.6030441158231314,124,0,79,0,0,13792,50184,1357
19LCK_20,False,0.6763006136098239,0,0,0,0,0,63278,0,2258
21LXK_14,False,0.6325369958140675,0,0,1847,267,0,3744,1,59677
21MXR_13,False,0.6070701748024387,0,0,0,0,0,52670,2448,10418
18GXU_21,False,0.6054828082854695,31,59168,393,3,954,791,2615,1581
21NTF_10,False,0.6882552230334417,0,0,0,0,0,64535,0,1001
19HGA_09,False,0.6584551072017025,0,0,0,0,0,8,60408,5120
19PEK_22,False,0.6160742314475964,0,0,0,0,0,51469,945,13122
20JPQ_24,False,0.5968147131960602,47,0,203,291,0,9576,53286,2133
21KVS_17,False,0.6389634066451756,0,0,0,0,0,59279,1195,5062
19KHV_13,True,0.4506573949930821,320,99,8355,1509,2967,25676,799,25811
19LCK_16,False,0.6894912381304963,0,0,0,0,0,64639,0,897
21LXK_22,True,0.55538420747512,0,0,1407,0,0,23950,3226,36953
18GXU_28,False,0.6942284522197378,0,0,0,0,0,65018,13,505
21NTF_19,False,0.6965456102808496,0,0,0,0,0,65146,0,390
19HGA_00,False,0.6086495762089638,104,3560,51,57422,0,203,165,4031
21LYD_01,False,0.581533105760724,425,8,48170,0,0,2152,14486,295
21KVS_28,True,0.5175086945088334,126,956,269,0,0,18962,33282,11941
21MXR_25,False,0.6810094274519034,0,0,0,0,0,63830,0,1706
19PEK_14,False,0.5970144298860806,0,313,0,0,0,16135,1387,47701
21NTF_26,False,0.6608926534961034,0,290,2,0,0,61813,0,3431
19LCK_29,False,0.6779305554222074,0,0,0,0,0,63478,0,2058
18GXU_17,True,0.4299340893405212,80,5296,2624,20,216,17645,19748,19907
19HGA_07,False,0.606565535205308,0,0,26,0,0,2955,8879,53676
21LXK_25,False,0.7049320014357696,0,0,0,0,0,65536,0,0
19LCK_11,False,0.6870929885793878,0,0,0,0,0,64433,0,1103
19KHV_14,True,0.39854176860396334,67,1,9078,12284,5722,7378,1379,29627
21KVS_10,False,0.620616213177895,0,0,0,0,0,57066,3026,5444
20JPQ_23,True,0.5447993606670073,98,0,0,0,0,11855,31803,21780
21NTF_21,False,0.7001870469303727,0,0,0,0,0,65349,0,187
18GXU_10,False,0.6000788303928479,0,108,10,1,2,49858,1909,13648
19PEK_13,False,0.6278718671037248,3,0,133,0,0,2583,3935,58882
21MXR_22,False,0.702638752029109,0,0,0,0,0,65460,0,76
21LYD_06,False,0.6067051865465859,0,127,83,0,0,11069,52688,1569
20LRK_21,False,0.6825196452654158,0,0,669,107,0,193,64511,56
20LKP_26,False,0.5657566467789757,0,0,25,0,0,15421,7839,42251
19GGM_24,False,0.7041849783296978,0,0,20,0,0,0,0,65516
22NCK_09,False,0.7049320014357696,0,0,0,0,0,65536,0,0
18HYF_23,True,0.49774240708757095,178,722,1450,0,140,11025,33612,18409
22LBN_16,False,0.7046153417426504,0,0,0,0,0,65529,1,6
19NHC_12,False,0.6540128695996927,0,5743,0,0,0,59736,0,57
19PDL_04,False,0.7026215689800821,0,0,0,0,0,49,65468,19
19KFA_17,False,0.6161192155815277,1,583,8644,0,321,287,29,55671
22LBN_29,False,0.6675726675099594,0,0,0,0,0,62960,460,2116
20LKP_19,True,0.470130524296983,0,6890,1200,0,0,11910,12023,33513
19KFA_28,True,0.547625631077313,1079,166,3759,34,7,316,43634,16541
19KFA_10,True,0.5467418191274085,230,28,19516,0,651,315,4112,40684
19PDL_03,False,0.6943068182133527,0,0,0,0,0,65001,0,535
18HYF_24,True,0.5346029094238922,97,4072,564,0,0,5261,48433,7109
22LBN_11,False,0.5736737080327956,0,4248,0,0,0,37042,24246,0
19NHC_15,False,0.6965456102808496,0,0,0,0,0,65146,0,390
19GGM_23,False,0.7015147605455238,0,0,124,0,0,0,0,65412
20LRK_26,False,0.5923076646047835,0,0,548,53,0,22717,41548,670
20LKP_21,False,0.6819116510349923,0,0,0,0,0,63927,0,1609
20LRK_19,False,0.7049320014357696,0,0,0,0,0,65536,0,0
19KFA_26,False,0.6182598000006917,1253,33,62,3881,0,117,59102,1088
20LRK_10,False,0.6907103249365171,0,16,0,0,0,64770,0,750
20LKP_17,False,0.7036439981042495,0,0,0,0,0,65498,0,38
19NHC_23,False,0.695967680637063,0,0,0,0,0,65110,0,426
18HYF_12,True,0.5484508179366602,28,0,1441,0,0,41915,16879,5273
22LBN_27,False,0.7049320014357696,0,0,0,0,0,65536,0,0
19GGM_15,True,0.5490165657267846,14,1413,1333,1904,0,598,10208,50066
19KFA_19,True,0.5297573160695684,990,0,3260,430,0,3630,48591,8635
22NCK_07,False,0.6777742663090245,4,0,0,0,0,63547,19,1966
22LBN_18,False,0.5755881848166137,0,87,2,0,0,37585,24449,3413
20LKP_28,True,0.5442157989709165,0,21,507,0,0,15552,10681,38775
19GGM_12,False,0.5591368370782399,1,0,7441,15177,0,53,256,42608
19NHC_24,False,0.7048324227854741,0,0,0,0,0,65534,0,2
18HYF_15,False,0.5642201999631975,2,0,87,285,0,22910,4102,38150
22LBN_20,True,0.5380201227257649,0,3454,74,0,0,18690,40001,3317
20LRK_17,False,0.5965427688774662,0,26,120,268,0,19850,44552,720
20LKP_10,False,0.6642669662312514,0,0,0,0,0,61467,0,4069
19KFA_21,False,0.5616346436190731,1180,18,6649,0,0,123,49231,8335
20LRK_28,False,0.6697199746368744,0,0,1187,0,0,6,922,63421
22NCK_00,False,0.5986404120974271,133,56708,70,0,0,4433,3093,1099
21KVS_11,False,0.5716401618853717,0,0,75,0,0,15083,44257,6121
19KHV_15,True,0.5177817747463522,0,70,718,10322,111,27961,309,26045
20JPQ_22,False,0.6352551618446878,60,0,11,0,0,4989,59148,1328
19HGA_06,False,0.6386635042105987,0,0,105,971,0,0,59454,5006
21LXK_24,False,0.6661298580058412,0,0,0,0,0,61790,0,3746
19LCK_10,False,0.6917724363173745,0,0,0,0,0,64819,0,717
21MXR_23,False,0.6521606246986242,0,0,0,0,0,58882,0,6654
21LYD_07,False,0.5814668018252193,2,9,111,0,0,29671,33504,2239
21NTF_20,False,0.6839472969370102,0,0,0,0,0,64136,0,1400
18GXU_11,False,0.6404309707223721,0,0,0,0,0,58074,470,6992
19PEK_12,True,0.5486760144097778,65,58,818,0,0,10654,9617,44324
18GXU_29,False,0.702369777953295,0,0,0,0,0,65449,0,87
19LCK_17,False,0.6537872543034065,312,1549,0,38,0,62413,0,1224
21LXK_23,True,0.5281091935375756,0,126,397,22,0,22060,14043,28888
21NTF_18,False,0.677236308202893,0,0,0,0,0,63394,0,2142
19HGA_01,False,0.6162825814250407,69,0,222,0,0,3513,57696,4036
20JPQ_25,False,0.6072423499514933,60,0,139,0,0,6548,55487,3302
19KHV_12,True,0.5390884312607276,3,0,223,26870,318,1665,2696,33761
21KVS_16,True,0.5492473728236802,9,103,8,0,0,26741,29862,8813
19PEK_15,False,0.5582415712416464,10,417,627,2,0,2658,25458,36364
21NTF_27,False,0.6843793550373544,0,61,0,0,0,64304,0,1171
18GXU_16,True,0.5406575605747155,23,58,717,0,0,26195,6926,31617
19LCK_28,False,0.672653012461768,0,0,0,0,0,62794,0,2742
21KVS_29,False,0.6660983163981217,0,0,0,0,0,61868,14,3654
21LYD_00,True,0.49786032823651033,0,12693,153,0,0,19297,3401,29992
21MXR_24,False,0.7031770488126624,0,0,0,0,0,65481,0,55
19LCK_21,False,0.6922670252242693,0,0,0,0,0,64856,0,680
21LXK_15,False,0.7049320014357696,0,0,0,0,0,65536,0,0
19KHV_24,True,0.48313227696745564,3,974,2604,9616,0,1509,10100,40730
21LYD_09,True,0.5304593645609756,24,0,1534,0,0,7423,31677,24878
21KVS_20,False,0.5954754874423013,0,11,25,0,0,18805,44891,1804
20JPQ_13,False,0.6121115141360844,16,0,22,0,0,12587,51686,1225
18GXU_20,False,0.7016040159181535,0,65416,120,0,0,0,0,0
21NTF_11,False,0.6226919712776633,0,1131,935,58,0,58832,0,4580
19PEK_23,False,0.6059024765662121,41,268,0,0,0,21194,288,43745
19HGA_08,False,0.6517814129293419,0,0,0,0,0,0,58785,6751
21MXR_12,False,0.6172583859576509,0,0,0,0,0,36385,0,29151
20JPQ_14,False,0.625610515444524,833,0,302,133,0,2721,60354,1193
21KVS_27,False,0.6106657673587064,0,0,11,0,0,47606,790,17129
19KHV_23,True,0.5108544916498361,116,612,1555,31571,1114,2928,37,27603
21NTF_29,False,0.6351171411938408,0,4,0,0,0,53140,0,12392
21LXK_12,False,0.7049320014357696,0,0,0,0,0,65536,0,0
19LCK_26,False,0.6946024573365482,0,0,0,0,0,65021,0,515
18GXU_18,True,0.4495539583394518,17,28445,148,21,2451,5027,19233,10194
21KVS_18,True,0.4851368484941176,7,12924,180,0,0,32712,7040,12673
21MXR_15,False,0.6282190613941401,0,36,0,0,0,50116,0,15384
19PEK_24,False,0.6631147182605148,0,0,226,0,0,1804,62958,548
19LCK_19,False,0.6831720967911702,0,0,0,0,0,64058,0,1478
18GXU_27,False,0.6478798819846006,0,477,0,0,1,59844,0,5214
21NTF_16,False,0.6950077720956446,0,0,0,0,0,65048,0,488
19KFA_20,True,0.5216598643202682,997,0,6353,7701,0,17,46336,4132
19NHC_25,False,0.7010997312619778,0,0,0,0,0,65393,0,143
22LBN_21,False,0.7049320014357696,0,0,0,0,0,65536,0,0
18HYF_14,False,0.558920799480982,6,605,371,395,14,4078,49022,11045
19GGM_13,False,0.6486055522031688,0,0,385,5401,0,0,0,59750
20LKP_11,False,0.5775158875227001,0,27241,6,0,0,34931,0,3358
20LRK_16,False,0.5961076206316617,0,0,0,0,0,44433,19258,1845
20LRK_29,False,0.5939649800036232,0,16,1654,28,0,9554,53130,1154
22NCK_01,True,0.4451352206367706,672,4304,29946,0,127,1883,10395,18209
20LKP_16,False,0.6024786992562979,0,0,244,0,0,38265,371,26656
20LRK_11,False,0.5897845493226043,0,7,67,0,0,39332,24398,1732
19GGM_14,False,0.6407079471740746,1,0,499,6783,0,0,0,58253
19NHC_22,False,0.701830285950284,0,0,0,0,0,65426,0,110
22LBN_26,False,0.7044162295817585,0,0,0,0,0,65523,0,13
18HYF_13,False,0.6325072360731638,251,1,1824,0,0,694,60830,1936
19KFA_27,False,0.5876033441388961,360,744,2958,1058,0,170,57423,2823
22LBN_19,True,0.5118752944259908,0,8105,0,0,0,10965,39826,6640
22NCK_06,False,0.6878887987968678,0,0,30,0,0,64607,19,880
20LKP_29,False,0.7048784629954079,0,0,0,0,0,65535,0,1
19KFA_18,False,0.6466828715079995,1162,0,476,66,0,72,62030,1730
19GGM_22,False,0.6832904263255221,0,0,1260,66,0,0,0,64210
22LBN_10,False,0.7049320014357696,0,0,0,0,0,65536,0,0
18HYF_25,True,0.5135048986660339,33,0,2163,0,0,23228,11018,29094
19NHC_14,False,0.6910414953585698,0,0,0,0,0,64763,0,773
20LKP_20,False,0.5584053977643073,0,0,310,0,0,5200,31152,28874
20LRK_27,False,0.7049320014357696,0,0,0,0,0,65536,0,0
19KFA_11,False,0.6565219556089418,388,0,10,1572,0,4,62640,922
19PDL_02,True,0.5445779441035016,775,31,31321,0,0,501,29184,3724
20LRK_18,False,0.693477106688279,0,0,382,0,0,65057,53,44
19PDL_05,False,0.6119725454904857,38,0,361,0,0,3000,5123,57014
19KFA_16,False,0.578858443363691,2584,0,3942,0,0,436,54978,3596
20LKP_27,False,0.6885944514109169,0,0,0,0,0,64564,0,972
20LRK_20,False,0.6775668358069169,0,0,1457,0,0,155,63877,47
22LBN_17,False,0.695451486147288,0,0,0,0,0,65077,459,0
22NCK_08,False,0.7048784629954079,0,0,0,0,0,65535,1,0
18HYF_22,False,0.5761759714070929,7,0,983,0,0,17707,44752,2087
19NHC_13,False,0.7040282856048315,0,0,0,0,0,65511,0,25
19GGM_25,False,0.6965456102808496,0,0,390,0,0,0,0,65146
19KFA_29,False,0.663463585788109,35,0,85,0,0,1248,63084,1084
22LBN_28,False,0.7048324227854741,0,0,0,0,0,65534,0,2
20LKP_18,True,0.5525292650084732,0,109,361,0,0,26189,5540,33337
